Sector,Year,Name,Andhra Pradesh,Arunachal Pradesh,Assam,Bihar,Chattisgarh,Delhi,Goa,Gujarat,Haryana,Himachal Pradesh,Jharkhand,Karnataka,Kerala,Madhya Pradesh,Maharashtra,Manipur,Meghalaya,Mizoram,Nagaland,Orissa,Punjab,Rajasthan,Sikkim,Tamil Nadu,Telangana,Tripura,Uttar Pradesh,Uttarakhand,West Bengal,Andaman and Nicobar,Chandigarh,Dadra and Nagar Haveli,Daman and Diu,Jammu and Kashmir,Lakshadweep,Puducherry
Rural,2011,January,104,NA,104,NA,105,NA,103,104,104,104,105,104,107,104,104,104,104,104,NA,105,104,NA,NA,105,NA,105,103,NA,104,105,104,104,103,104,103,106
Urban,2011,January,103,NA,103,NA,104,NA,103,104,104,103,104,104,107,103,103,104,104,104,NA,105,103,NA,NA,104,NA,105,103,NA,104,105,103,104,103,104,102,105
Rural+Urban,2011,January,103,NA,104,NA,104,NA,103,104,104,103,105,104,107,104,104,104,104,104,NA,105,104,NA,NA,104,NA,105,103,NA,104,106,103,104,104,104,104,104
Rural,2011,February,107,NA,105,NA,107,NA,105,106,106,105,107,106,108,105,105,103,108,106,NA,108,105,NA,NA,107,NA,107,104,NA,107,105,104,107,104,105,104,107
Urban,2011,February,106,NA,106,NA,106,NA,105,107,107,105,107,108,109,106,107,102,107,109,NA,106,105,NA,NA,108,NA,108,105,NA,108,104,103,106,104,105,105,108
Rural+Urban,2011,February,105,NA,105,NA,105,NA,104,105,106,104,106,106,108,105,105,103,106,106,NA,106,104,NA,NA,106,NA,107,104,NA,107,104,103,106,104,105,103,106
Rural,2011,March,103.1,NA,103.8,NA,103.9,NA,103.9,105.4,105,104.3,104.9,104.8,107.1,104.1,104.7,103.8,104.8,105.8,NA,105,104.5,NA,NA,103.9,NA,105,103.9,NA,104.8,106.8,103.9,105.8,104.1,105.5,108.6,104.7
Urban,2011,March,103.6,NA,104.6,NA,104.3,NA,104.3,106,105.5,104.8,105.1,105.4,107.9,104.8,105.2,104.1,105.6,107.3,NA,105.8,105.3,NA,NA,104.6,NA,105.3,105.3,NA,105.2,107.9,104.6,106.2,105.5,105.8,110.9,105.2
Rural+Urban,2011,March,108,NA,105,NA,108,NA,106,108,107,106,109,108,109,106,108,102,109,108,NA,109,105,NA,NA,109,NA,108,105,NA,108,105,105,108,104,106,105,110
Rural,2011,April,105,NA,106,NA,105,NA,104,106,106,104,106,106,108,106,105,103,111,107,NA,106,104,NA,NA,105,NA,107,103,NA,107,104,103,105,104,106,104,105
Urban,2011,April,104.9,NA,107.1,NA,105.4,NA,105.4,107.1,107.3,105,106.8,107,108.8,106.1,106,102.7,111.1,108.3,NA,106.8,104.9,NA,NA,105.5,NA,107.8,104.2,NA,107.7,105.1,103.9,105.8,104.7,106.6,107.1,105.5
Rural+Urban,2011,April,106,NA,106,NA,106,NA,106,108,108,105,107,108,109,107,107,102,114,110,NA,107,105,NA,NA,108,NA,109,103,NA,109,103,102,105,104,107,105,107
Rural,2011,May,106.1,NA,107.9,NA,106.2,NA,107,109.2,108.7,105.2,107.7,109.3,109.6,107.5,108.3,102.1,113.3,111.1,NA,107.4,105.2,NA,NA,107.5,NA,108.8,104.3,NA,110,103.4,103.4,105.8,105,107.2,105.4,107.8
Urban,2011,May,105.88,NA,108.58,NA,106.04,NA,105.65,108.22,107.83,105.54,106.96,107.52,109.79,107,106.89,102.68,111.12,109.39,NA,107.97,105.56,NA,NA,106.47,NA,107.41,105.04,NA,108.76,106.11,104.59,106.93,105.82,107.76,108.57,105.73
Rural+Urban,2011,May,108.6,NA,111.4,NA,107.3,NA,109,112.4,110.7,107,109,111,111.9,109.5,110.5,102.2,113.5,112.9,NA,109.9,106.5,NA,NA,110.5,NA,109.8,105.7,NA,113.3,107,104.1,108,106.3,108.8,105.6,107.9
Rural,2011,June,107.4,NA,109.5,NA,106.9,NA,107.1,110.9,109.2,105.7,107.9,109.8,110.7,108.6,109.8,102,113,111.8,NA,108.7,105.8,NA,NA,108.9,NA,108.2,104.9,NA,111.5,104.4,104.3,107.2,106,108.9,105.8,107.3
Urban,2011,June,107.6,NA,110.6,NA,107.2,NA,107.9,110,109.5,107.1,108.4,110,111.5,108.3,108.5,103.4,111.9,111,NA,109.6,106.9,NA,NA,108.5,NA,109.1,106.2,NA,110.6,108.1,107.4,107.7,106.6,108.9,109.1,107.6
Rural+Urban,2011,June,106,NA,106.9,NA,107.1,NA,106.9,108.1,107.5,107.3,107.2,109,110.6,106.6,107.3,106,107.1,109.4,NA,108.8,107.4,NA,NA,106.9,NA,107.2,107.1,NA,107,109.3,107.6,106.9,107.1,109,112.1,107.5
Rural,2011,July,110.8,NA,112.3,NA,110.9,NA,111.2,114.3,111.6,107.8,111.6,112.7,112.6,111.1,112,102.1,118.4,111.2,NA,112.2,108.3,NA,NA,111.3,NA,111.2,108.3,NA,115.3,107.9,106,108.4,107.7,109.6,109.5,110.7
Urban,2011,July,109.6,NA,111.7,NA,110.3,NA,109.2,111.9,110.7,107.9,111.1,111.6,112.1,109.9,110,103.8,115.9,111.2,NA,111.7,108.7,NA,NA,109.4,NA,110.4,108.4,NA,112.4,109.5,109.2,108.3,108,109.9,111.5,109.1
Rural+Urban,2011,July,107.8,NA,109,NA,109,NA,107.4,110,109.2,108.4,110.2,110.5,111.2,108.3,108.8,107.3,108.7,111.2,NA,110.1,109.1,NA,NA,107.9,NA,108.2,108.7,NA,108.6,111.2,109.4,108.2,108.6,110.3,113.2,108.6
Rural,2011,August,109,NA,110,NA,109.9,NA,108.1,111.4,109.5,108.7,111.1,111.3,113.1,109.4,109.5,109.6,109.5,111.6,NA,110.9,109.5,NA,NA,109,NA,108.9,109.7,NA,109.6,113.3,110.2,109.1,109.5,111.1,116.3,109.3
Urban,2011,August,110.9,NA,113.4,NA,111,NA,109.5,113.3,111.4,109.1,112.4,112.6,114.3,111.3,110.7,107.4,117.8,111.1,NA,112.3,109.4,NA,NA,110.4,NA,110.8,110,NA,114.5,111.2,110.1,109.6,109.4,111.4,115.2,109.6
Rural+Urban,2011,August,112.1,NA,114.2,NA,111.6,NA,111.1,115.7,112.5,109.2,113,113.9,114.8,112.6,112.7,106.4,120.6,110.6,NA,112.8,109.3,NA,NA,112.2,NA,111.5,110.2,NA,118.2,109.1,108,109.8,109.4,111.6,113.9,110.6
Rural,2011,September,110,NA,111.1,NA,111.2,NA,110,112.9,110,110,112.1,112.3,114.4,110.6,110.9,112,110.2,113.1,NA,112.3,110.5,NA,NA,110.1,NA,109.5,110.5,NA,109.9,115.3,111.4,110.3,110.4,112.4,117.5,111.2
Urban,2011,September,112,NA,113.8,NA,112.9,NA,111.4,114.9,112.5,110,113.4,113.8,115.7,112.9,112.1,109.4,119.9,111.5,NA,114.1,110.2,NA,NA,111.5,NA,111.5,111.3,NA,115.2,110.9,111.3,109,111.5,112.7,116.5,111.3
Rural+Urban,2011,September,113.3,NA,114.4,NA,113.8,NA,113,117.3,113.9,110,114.1,115.4,116.3,114.6,114.1,108.1,123.2,109.6,NA,114.7,110,NA,NA,113.3,NA,112.3,111.8,NA,119.3,106.7,110.1,108.5,112.1,112.8,115.4,111.7
Rural,2011,October,111.3,NA,112.3,NA,112.5,NA,110.9,113,111.1,111.1,113.6,113.5,114.7,111.2,111.6,113.9,110.7,113.9,NA,113.6,111.7,NA,NA,111.5,NA,110.8,111.5,NA,110.4,115.9,112.7,111.8,110.6,113,114.5,111.9
Urban,2011,October,111.9,NA,112.2,NA,112.4,NA,111.7,112.9,111.2,112.2,112.1,115,116.1,111.8,112.1,112.6,110.7,115.2,NA,112.9,111.7,NA,NA,114.3,NA,110.8,110.7,NA,109.8,115.4,113.5,111.6,111.7,113,114.7,113.2
Rural+Urban,2011,October,112.2,NA,112.3,NA,113.2,NA,111.5,113.2,110.9,111.8,113.4,114.4,116,111.9,112.3,113.3,111,114.6,NA,113.8,111.4,NA,NA,113,NA,111.6,111.5,NA,110,115.9,113.9,112.4,111,113.1,115.1,112.9
Rural,2011,November,113,NA,115.5,NA,113.4,NA,112,115.3,113.1,111.3,114.4,114.8,115.6,114.1,113,111.1,123.8,112,NA,114.9,111.5,NA,NA,112.8,NA,114.3,113,NA,115.4,111.9,112.6,109.7,111.6,113.4,115.4,112.2
Urban,2011,November,114.1,NA,116.3,NA,113.9,NA,113.1,118,114.3,111.4,114.8,116.2,116,116.2,115.4,109.8,128.2,109.9,NA,115.3,111.3,NA,NA,114.4,NA,115.6,113.9,NA,119.3,108.1,111.3,108.9,112.2,113.7,116.5,113.2
Rural+Urban,2011,November,112.6,NA,112.4,NA,112.4,NA,112.2,113.4,111.6,112.9,111.9,115.7,116.3,111.9,112.3,112.4,111.2,116,NA,113.1,112.2,NA,NA,114.8,NA,111.7,111.1,NA,111,116.5,114.3,112.9,113,114,114.7,114.6
Rural,2011,December,113.3,NA,113,NA,112.7,NA,112.6,114.3,112.1,113.2,113,116.5,116.6,112.4,112.8,112.1,111,116.7,NA,114,112.9,NA,NA,115.4,NA,112.7,112,NA,112.4,116,114.8,113.9,113.4,114.1,115.2,115.3
Urban,2011,December,114,NA,115.9,NA,114.3,NA,112.2,115.2,113.8,111.5,114.2,115.7,116.6,114.6,113.5,111.6,123.2,113.9,NA,114.5,111.6,NA,NA,114.1,NA,114,113.9,NA,115,112.7,113.8,111.4,110.7,114.7,115.6,113.3
Rural+Urban,2011,December,113.2,NA,114.7,NA,113.2,NA,112.6,114.9,113,111.2,113.6,115.5,116.1,114.3,113.4,110.4,127.3,113.3,NA,113.3,111.4,NA,NA,115,NA,111.9,112.9,NA,113.4,112.9,113.4,110.7,110.5,114.8,114.5,113.6
Rural,2012,January,114.5,NA,113.9,NA,112.9,NA,113.3,115.8,113.2,114,113.5,117.1,116.9,113.3,113.9,112.3,112.2,117,NA,114.9,114,NA,NA,116.2,NA,114.2,113,NA,113.3,116.6,116.1,115.4,114.3,115.1,116.4,116.3
Urban,2012,January,115.2,NA,116.7,NA,114.9,NA,113,117.7,115.5,111.4,114.6,117,116.9,116.6,115.5,110.8,127.3,113.1,NA,114.7,111.8,NA,NA,115.5,NA,114.9,115.2,NA,118.8,109.6,111.7,111,110.6,115.6,116.3,114.5
Rural+Urban,2012,January,113.3,NA,114.8,NA,112.5,NA,112.7,115.8,113.2,111.4,113.7,116.4,116.1,114.5,113.4,110.8,127.8,113.5,NA,113,111.7,NA,NA,115.8,NA,113.8,113.2,NA,114.4,114.4,114.2,108.4,111.1,115.6,114.2,114.9
Rural,2012,February,113.9,NA,115.3,NA,113.6,NA,113.6,117.4,114.1,111,114.4,116.1,116.1,116.1,115.6,109.4,133,111,NA,113.5,111.1,NA,NA,115.9,NA,112.3,114.2,NA,116.1,110.6,111.1,110.3,109.8,115.8,114.3,114.6
Urban,2012,February,113.8,NA,115.5,NA,112.6,NA,113.1,116.6,114.1,111.6,114.5,117.1,116.6,114.8,113.6,110.6,125.2,114.4,NA,113.6,112.3,NA,NA,116.2,NA,114.3,113.5,NA,115.6,113.6,114.7,109.5,111.8,116,114.7,115.5
Rural+Urban,2012,February,113.8,NA,115.4,NA,112.6,NA,113.3,118.8,114.2,111.1,114.6,117.1,116,116.4,115.4,110.1,133.4,110.5,NA,112.9,111.3,NA,NA,117,NA,114.6,114.4,NA,117.1,112.4,111.2,106.7,110,116.6,113.6,115.9
Rural,2012,March,116,NA,115.1,NA,114.1,NA,113.1,117.4,115,116.1,115.1,118.4,118.4,114.3,115.1,112.6,113.1,119.2,NA,116.3,115.4,NA,NA,118.1,NA,115.3,114.6,NA,115.2,118,117.1,117.2,115.5,116.8,118,116.7
Urban,2012,March,116.8,NA,116.2,NA,115.8,NA,113.7,118.6,115.4,116.9,116.3,119.1,119.5,115.2,116.4,113.3,114.7,119.9,NA,118.5,115.9,NA,NA,119.3,NA,116.3,115.5,NA,116.5,119.8,119,118.6,115.9,117,118.6,117.4
Rural+Urban,2012,March,114.1,NA,116.1,NA,112.6,NA,113.6,119.3,115.3,111.2,115.2,117.7,116.6,116.6,114.9,109.9,130.1,111.7,NA,113.4,111.8,NA,NA,117.3,NA,114.9,114.3,NA,118,111.3,112.4,107.8,110.8,117.1,114.1,115.9
Rural,2012,April,114,NA,115.7,NA,113.7,NA,113.3,117.7,114.7,112.2,115.4,117.8,116.8,115.7,114.6,109.9,128.7,114.7,NA,114.8,113.2,NA,NA,117.1,NA,114.8,114.4,NA,116.3,114.4,116,110,112.6,117.1,115.7,116.6
Urban,2012,April,119.7,NA,118.6,NA,124.1,NA,126.6,119.3,118,121.7,119.5,120.6,121.5,120.2,119.4,107,127.4,128.6,NA,121.9,118.6,NA,NA,120.9,117.4,127.9,118,NA,120.2,121.3,121.3,116.1,124.9,117.1,121.5,124.4
Rural+Urban,2012,April,119.6,NA,118.7,NA,121.9,NA,121,117.8,117.2,120.7,118.9,122.1,121.5,119.5,117.6,110.5,124.2,121.5,NA,120.9,117.9,NA,NA,121,118.4,128.3,116.5,NA,119.5,118.2,116.3,115.1,122.4,117.1,115.3,119.6
Rural,2012,May,119.3,NA,118.9,NA,118.4,NA,117.4,116.6,116.3,116,117.9,123.4,121.4,118.6,116.7,118.2,117.1,117,NA,118.4,117,NA,NA,121,119,129.3,113.9,NA,118.8,115.3,116,114.6,119,117.2,109.4,117.9
Urban,2012,May,118.9,NA,117.3,NA,116.9,NA,114.5,119.3,116.9,118.5,119,120.5,120.3,116.9,117.3,114.4,115.5,120.8,NA,120.7,117,NA,NA,121.2,NA,116.9,116.8,NA,118.6,121.5,120.6,118.6,116.8,117.9,121.4,118.8
Rural+Urban,2012,May,119.3,NA,117.8,NA,117.3,NA,117.5,116.4,116.1,115.8,116.8,123.5,121.7,118.9,116.5,117.6,116.6,117.6,NA,117.9,117.7,NA,NA,121.3,118.6,128.2,113.2,NA,119,115.5,116.5,114.3,119.9,117.9,109.1,118.8
Rural,2012,June,119.7,NA,117.2,NA,117.3,NA,117.1,116.6,116,116.1,117.1,123.4,122,119.3,116.8,117.7,116.6,117.1,NA,117.9,118.1,NA,NA,120.9,118.4,127.4,113.2,NA,119.8,115.5,116.2,114.6,120,118,111,123.1
Urban,2012,June,116.8,NA,119.6,NA,116.5,NA,114.1,120.7,117.3,115.8,118.1,120.1,118.6,117.8,117.4,109.7,131.2,118.1,NA,118.6,115.4,NA,NA,119.7,NA,114.8,117.5,NA,119.9,116.1,118.8,110.5,114.3,118.2,116.6,117.6
Rural+Urban,2012,June,113.7,NA,116.1,NA,114.1,NA,113.3,120,115.6,111.8,116.3,118.5,116.8,117.4,115.8,108.8,134.3,112.1,NA,114.8,112.5,NA,NA,118.2,NA,115,115.2,NA,118.7,112.2,113.3,108,111.6,118.3,114.8,117.4
Rural,2012,July,115.8,NA,117.8,NA,114.6,NA,113.3,119.6,116.2,113.9,116.9,119.1,117.8,117,116.2,109.6,130.2,116.2,NA,116.6,114.7,NA,NA,118.8,NA,114.9,116.2,NA,118.3,115.3,116.9,110.5,113.3,118.3,116.9,116.8
Urban,2012,July,118.7,NA,120.3,NA,118,NA,115.6,121.3,118.4,117,120.7,121.5,119.6,119.3,118.4,110.4,130.4,119.3,NA,121.1,116.3,NA,NA,121.4,NA,114.9,118.5,NA,122.2,117.5,120.3,110.7,114.8,118.8,118.8,119.1
Rural+Urban,2012,July,116.8,NA,120.4,NA,116.9,NA,114.6,123.2,118.4,115.5,119,121.1,118.2,119.7,119.2,108,136.8,116,NA,118.7,115,NA,NA,120.3,NA,114.3,118.6,NA,122.6,112.6,114.8,107.4,113.3,118.9,114.2,118.3
Rural,2012,August,120,NA,118,NA,117.7,NA,117.3,117.1,116.9,116.6,117.6,123.9,122.4,119.9,117.1,118.1,117.4,117,NA,118.7,118.4,NA,NA,120.9,118.8,128.5,113.8,NA,119.3,114.4,116.9,114.5,121.1,118.9,110.9,124.3
Urban,2012,August,120.1,NA,117.4,NA,120.9,NA,120.8,117.7,117.3,120.4,118.3,122.5,121.9,119.9,117.6,111.9,125.1,122.1,NA,120.3,118.3,NA,NA,121.2,118.1,126.8,116.1,NA,119.2,117.4,116.7,115.5,122.7,119,115.7,120.7
Rural+Urban,2012,August,115.6,NA,118.4,NA,114.8,NA,113.6,122.2,116.9,113.4,117.8,119.8,117.5,118.9,118.1,108.1,136,112.7,NA,116.7,114,NA,NA,119.8,NA,114.8,117.1,NA,120.7,112.7,113.6,107.9,112.1,119.2,115.5,117.2
Rural,2012,September,118.6,NA,121,NA,118.5,NA,116.7,123.7,119.3,116.7,121.5,122.6,119.2,121.1,120.2,108.4,135.5,117.6,NA,121.2,115.6,NA,NA,121.7,NA,114.2,119.5,NA,124.9,113.7,114.6,107.7,113.6,119.4,115.7,120
Urban,2012,September,119.8,NA,118.5,NA,119.2,NA,115.4,120.3,118.4,119.2,120.7,121.7,121.1,119.6,118.4,115.3,116,122.1,NA,122.7,118.3,NA,NA,122.6,NA,117.6,118.8,NA,119.1,120.2,122.2,120.1,117.9,119.4,121.7,120
Rural+Urban,2012,September,120.5,NA,117.3,NA,123.1,NA,126,119.4,118.4,121.4,119.2,121.4,122,120.6,119.8,109.2,128.9,129.2,NA,121.2,118.7,NA,NA,121.1,117.5,126.3,117.8,NA,119.3,119.4,120.3,118,124.7,119.6,122.5,126.2
Rural,2012,October,120.5,NA,118.5,NA,118.8,NA,117.3,117.6,117.8,116.9,117.8,124.8,123.4,120.1,117.8,118.3,118.6,117.1,NA,119,118.8,NA,NA,121.9,119,129.6,114.1,NA,119.6,115.7,117.6,114.8,122.4,119.6,111.2,125
Urban,2012,October,120.8,NA,118.2,NA,121.6,NA,120.3,118.1,117.2,121,118.6,123,121.9,119.5,118,114.3,125.2,121.6,NA,120.7,118.5,NA,NA,120.9,118.2,126.7,116.1,NA,119.9,116.8,116.4,115.7,122.4,119.7,116.7,125.7
Rural+Urban,2012,October,120.6,NA,122.1,NA,121.6,NA,115.8,122.4,120,118.7,122.4,122.8,120.5,121.5,119.9,111.7,129.7,121.6,NA,123.1,117.8,NA,NA,123.3,NA,116.8,120.4,NA,123.3,116.8,121.8,112.1,116.1,120.2,119.6,120.5
Rural,2012,November,124.6,NA,121.4,NA,121.1,NA,120.6,120.9,119.8,117.7,121.4,128,125.6,122.8,119.5,119.1,120.7,119.6,NA,122.5,121.5,NA,NA,125.4,122.3,130.3,116.8,NA,121.6,117.1,119.2,117.7,124.4,120.2,120.3,129.4
Urban,2012,November,121.1,NA,118.5,NA,122.7,NA,120.9,118.4,118.1,121.9,119.3,123.3,122.3,120.5,118.4,114.8,125.4,121.1,NA,121.2,118.8,NA,NA,120.8,118.9,127,116.7,NA,119.4,117.7,117.1,116.1,123.5,120.3,116.8,127.1
Rural+Urban,2012,November,122.2,NA,119.2,NA,119.7,NA,118.8,118.6,118.4,117.7,118,126.2,125,120.9,118.4,118.6,118.6,117.9,NA,120.1,119.5,NA,NA,123.6,120,130.2,115.5,NA,120.1,116.1,118.4,116.2,123.1,120.4,112.2,126.9
Rural,2012,December,124.6,NA,119.9,NA,120.6,NA,120.8,120.2,119.4,118,119.7,127.5,126.4,121.6,119.4,118.5,119.2,118.8,NA,122.2,120.3,NA,NA,125.2,121.4,130.6,115.5,NA,120.9,116.2,118.9,117.2,124.1,120.4,115.6,128.6
Urban,2012,December,121.5,NA,118.4,NA,124.3,NA,125.3,120,118.3,122.1,119.6,122.5,121.9,119.7,120.5,112.7,129.1,128.6,NA,121.8,118.8,NA,NA,120.8,118,126.4,117.8,NA,119.9,118.2,119.3,117.8,124.1,120.6,122.6,133.2
Rural+Urban,2012,December,121.2,NA,122.9,NA,122.8,NA,116.3,124.9,120.9,118.6,123.2,123.9,120.2,122.9,122.4,110,134.3,121.1,NA,123.3,117.3,NA,NA,124.2,NA,116.5,121.3,NA,126.6,113.5,114.3,109.1,115,120.7,117.2,122
Rural,2013,January,120.9,NA,119.3,NA,120.8,NA,116.2,121.5,119.8,120.7,121.8,122.7,122.3,121.7,119.6,115.9,116.9,122.1,NA,124,120,NA,NA,123.7,NA,118.7,120.3,NA,120,120.6,123.3,120.2,117.8,120.7,123.8,120.5
Urban,2013,January,121.7,NA,118.6,NA,125.9,NA,126.5,120,119.2,123.1,120.3,122.7,122.3,120.9,120.9,113.2,129,127.6,NA,122.2,119.1,NA,NA,120.7,119.1,126.5,118.4,NA,119.5,121.1,120.6,119.3,125.3,121,122.9,135.1
Rural+Urban,2013,January,127.3,NA,122.9,NA,122.1,NA,123.9,120.8,120.2,117.8,121.5,130.3,128.1,123,120.7,120.9,121.5,122.7,NA,122.5,121.1,NA,NA,127.4,125.5,131.3,116.9,NA,123.9,120.3,121,121.4,125.1,121.1,114.2,126.7
Rural,2013,February,121.5,NA,122.5,NA,123.3,NA,117.1,123.7,121.2,119.4,124,123.8,121.8,123.8,121.1,112.5,130,121.9,NA,124.2,119.9,NA,NA,124.3,NA,117.5,121.7,NA,124.8,117.9,123,112.9,116.3,121.4,121.1,121.2
Urban,2013,February,126.9,NA,123.1,NA,121.6,NA,124.1,121,120.6,117.6,122,130.2,127.8,123.1,120.7,121,121.6,122.5,NA,122.8,121.5,NA,NA,126.6,125,131,117.1,NA,124.8,118.4,120.8,121.2,125.6,121.5,113.2,125.8
Rural+Urban,2013,February,121.8,NA,119.7,NA,123.9,NA,120.9,118.9,118.5,122.5,119.8,124.4,123.1,120.7,119,115.2,125.6,121.5,NA,121.6,119,NA,NA,121.4,118.9,128,116.7,NA,119.6,117.8,117.8,116.2,124.6,121.6,117,127.6
Rural,2013,March,128.4,NA,123.2,NA,123.1,NA,124.4,120.7,120.1,118.6,122.1,131.2,128.1,123.9,120.9,121,121.9,122.8,NA,123.3,121.7,NA,NA,128.7,126.7,132.2,117.4,NA,124.1,119.5,121,120.1,125.6,121.6,115.4,127.8
Urban,2013,March,121.9,NA,123.2,NA,124.5,NA,118,126.4,122,119.1,125.1,125,121.5,125.3,123.8,110.9,134.5,121.6,NA,124.3,119.9,NA,NA,125.1,NA,117.1,122.5,NA,128.5,115.3,115.9,110.1,115.5,121.8,117.8,123.2
Rural+Urban,2013,March,121.7,NA,120,NA,121.9,NA,116.9,121.7,119.6,121.2,121.6,123.5,123.5,122.1,120.8,117.4,117.7,122.2,NA,123.7,120.5,NA,NA,124.6,NA,119.3,120.8,NA,121.1,123.2,123.9,120.1,117.7,121.8,124.1,121.1
Rural,2013,April,125.1,NA,122.7,NA,121.8,NA,120.3,121.3,120.7,118.5,123.2,128.4,126,123.7,120.1,120.2,122.2,120.1,NA,123.3,122.4,NA,NA,125,123.7,131,117.7,NA,123.5,118.2,120.1,119.5,125,121.8,121.6,129.5
Urban,2013,April,128.2,NA,123.7,NA,122.8,NA,123.3,121,120.5,118.9,121.7,130.4,127.2,124.1,120.9,120.7,121.1,123.2,NA,123,121.4,NA,NA,128.9,124.9,133.2,117.7,NA,123,120.7,120.9,121,125.3,121.9,113,128.5
Rural+Urban,2013,April,122.7,NA,123.3,NA,123.5,NA,117.8,124.1,121.6,120.4,125.7,125.1,122.7,124.5,122.5,113,130.6,122.4,NA,124,120.7,NA,NA,125.4,NA,116.7,123.2,NA,126.2,119.4,123.6,112.8,117.6,122,121.6,121.5
Rural,2013,May,122.7,NA,123.3,NA,123.5,NA,117.8,124.1,121.6,120.4,125.7,125.1,122.7,124.5,122.5,113,130.6,122.4,NA,124,120.7,NA,NA,125.4,NA,116.7,123.2,NA,126.2,119.4,123.6,112.8,117.6,122,121.6,121.5
Urban,2013,May,123.4,NA,124.1,NA,124.3,NA,118.8,127.1,122.7,120.2,127.7,126.9,122.3,126.3,125.3,110.8,135,122.6,NA,124.1,120.8,NA,NA,126.5,NA,115.7,124.5,NA,130.1,115.8,117.3,110,117.5,122.1,118.6,122.7
Rural+Urban,2013,May,123,NA,122.4,NA,123,NA,117.6,122.4,119.8,122,122.3,124.3,124.3,122.2,121.8,118.5,118.6,123.2,NA,124.6,121.1,NA,NA,125.4,NA,120.7,120.9,NA,121.7,124.5,124.1,121.1,118.4,122.4,122.6,121.6
Rural,2013,June,125.8,NA,124.4,NA,122.5,NA,120.4,121.2,120.9,119,123.6,128.8,125.7,124.2,120.1,120.9,121.9,121.8,NA,123.6,122.8,NA,NA,125.5,123.7,132.2,117.9,NA,123.9,118.8,120.5,119.3,125.3,122.4,119,130
Urban,2013,June,125.6,NA,122.4,NA,127.3,NA,123.9,121.6,120.5,123.9,122.5,127.7,125.8,122.5,121,116.5,127.2,122.4,NA,125.4,120.3,NA,NA,124.7,122.4,128.8,118.4,NA,121.1,118.4,119.2,118.9,129.2,122.5,122,131.5
Rural+Urban,2013,June,128.7,NA,124.1,NA,123.4,NA,125.3,122.8,121.9,119.5,123.4,131.9,129.4,124.9,122.1,121.7,122.3,122.9,NA,124.1,122.8,NA,NA,128,126.8,131.8,118.3,NA,125.9,120.4,122.7,121.5,127.4,122.5,112.2,127
Rural,2013,July,122.6,NA,120,NA,127.1,NA,126.5,120.5,119.2,123.8,121.1,123.9,123,121.1,121.3,113.8,128.7,128.4,NA,122.6,119.1,NA,NA,120.7,118.8,127.5,118.2,NA,119.6,119.9,120.8,119.1,126.2,122.7,123,135.1
Urban,2013,July,125.9,NA,122.8,NA,126.9,NA,124.2,122.3,120.7,124.3,124.5,128.3,125.5,123.1,121,116.8,128.8,123.1,NA,126.3,120.9,NA,NA,125.1,122.7,129.1,119.4,NA,122.3,120.3,119.6,119.3,131.8,122.7,123.9,132.2
Rural+Urban,2013,July,124.2,NA,123.1,NA,123.6,NA,118.4,122.9,120.2,122.3,124,125.1,125.9,122.6,122.5,119.2,118.9,123.9,NA,125.8,122.4,NA,NA,126.7,NA,121.6,121.6,NA,121.9,126.3,124.4,119.9,119.5,122.8,119.8,122.5
Rural,2013,August,123.1,NA,121.3,NA,125.5,NA,122.4,119.8,119.1,123.1,120.8,125.8,124.5,121.4,119.7,116.1,125.8,121.8,NA,123.1,119.5,NA,NA,122.9,120.1,128.6,117.5,NA,119.8,117.3,118.6,117.2,125.6,122.9,117.3,129.4
Urban,2013,August,127,NA,125,NA,124.6,NA,121.1,121.6,121.1,118.9,123.7,129.4,125.9,124.7,120.9,120.6,122.6,123.2,NA,124,123.1,NA,NA,126.9,124.2,134.2,118.9,NA,124.4,120.7,120.9,121,125.7,123,117.1,125.9
Rural+Urban,2013,August,131.5,NA,124.7,NA,125.3,NA,125.9,124.1,122.4,120.7,123.9,133.7,131.2,126,122.9,122.8,122.2,123.5,NA,125.7,123.5,NA,NA,130.2,129.8,132.2,119.7,NA,127.1,124.6,123,123.7,128,123.1,112.3,129.6
Rural,2013,September ,128.4,NA,125.1,NA,124.8,NA,122.4,122,121.4,119.5,122.9,130.3,127,125.2,121.2,121.3,122,123.4,NA,123.9,123.4,NA,NA,128.6,126,133.5,119.8,NA,123.7,121.4,121.2,121.5,125.8,123.2,113.7,127.6
Urban,2013,September ,125,NA,125.5,NA,124.4,NA,119.1,125.3,122.7,121.2,128.1,126.8,125.1,125.6,123.9,113.7,132.6,124.9,NA,124.9,122.1,NA,NA,127.5,NA,118.6,123.2,NA,127.2,121.7,124.1,113.2,119.7,123.6,119.2,123.2
Rural+Urban,2013,September ,125.3,NA,123.3,NA,123.8,NA,118.9,123.1,120.9,122.9,123.4,126.4,127.1,123.1,123,119.7,119.4,124.2,NA,126,122.6,NA,NA,127.7,NA,122.3,121.6,NA,123.1,126.5,125.3,119.3,120.4,123.7,119.8,123.3
Rural,2013,October,126.2,NA,123.1,NA,131.5,NA,128.8,123.5,121.4,125.2,124.2,128,125.4,123.1,124.3,115.6,130.8,128.1,NA,126.7,120.3,NA,NA,124,123.7,128.2,120.1,NA,121.2,120.6,124.8,122.3,132.9,123.7,128.7,139.8
Urban,2013,October,127.8,NA,125.7,NA,129.1,NA,125.4,123.5,122.6,126.1,127.1,129.3,125.5,124.7,122.2,117.3,133.7,124.8,NA,128.6,123.1,NA,NA,125.3,124.5,132.3,121.3,NA,125.3,123,121.1,120.7,134,123.8,124.6,133
Rural+Urban,2013,October,124.7,NA,126.4,NA,123.7,NA,118.7,127.5,123.3,121.1,129.9,128.2,123.3,127.1,126.1,110.6,136.4,124.9,NA,124.2,121.9,NA,NA,127.6,NA,116.6,125.1,NA,131.1,116.6,118.3,110.7,119.8,123.9,119.9,123.9
Rural,2013,November,127.1,NA,124,NA,128.6,NA,124.9,123.2,121.6,125.5,126.2,128.9,125.8,124.1,121.9,117.1,131.2,123.8,NA,128.3,122.2,NA,NA,124.8,124,130.3,120.8,NA,124.6,122.1,120.5,120.8,132.9,123.9,125.1,132.5
Urban,2013,November,133.2,NA,124.6,NA,128.2,NA,127.2,128,123.5,121.7,124.9,134.9,132,127.7,124.8,123.4,123.3,123.8,NA,127.5,124.8,NA,NA,131.5,130.9,132.4,119.9,NA,126.9,125.9,124.4,126.7,130.8,123.9,117.9,131
Rural+Urban,2013,November ,125.6,NA,126.1,NA,124.8,NA,119.8,128.1,124.1,121,130.2,128.6,124.7,127.7,126.3,111,137.2,126.1,NA,124.6,121.9,NA,NA,128.6,NA,117.5,124.1,NA,131.3,117.3,117.3,110.6,119.8,124.1,118.5,125.2
Rural,2013,December,126.6,NA,123.2,NA,130.6,NA,129.9,124.2,121.5,125.8,126.4,128.6,125.4,123.3,124,115.8,132.4,128.6,NA,127.8,120.4,NA,NA,124.6,123.1,128.7,120.9,NA,122.9,123.6,125.7,122.4,137.1,124.1,127.7,140.2
Urban,2013,December,131.4,NA,124.5,NA,131.3,NA,128.9,124.1,122,125.1,126.5,131.8,127.1,125.3,123.4,117.2,134.2,127.3,NA,129.9,122,NA,NA,129.1,126.6,132.6,120.5,NA,125.3,125.1,121.6,123,135.8,124.1,122,130.1
Rural+Urban,2013,December,123.7,NA,121.8,NA,129.1,NA,128,121.3,119.7,124.3,122.5,125.3,124.3,121.8,122.4,114.9,129,128,NA,124.3,119.5,NA,NA,122,120.3,128,118.7,NA,119.6,118.6,122.2,119.1,127.4,124.2,122.7,136.5
Rural,2014,January,125.8,NA,125.1,NA,123.1,NA,119.5,125.4,122.4,121.9,127.2,127.6,126.3,125.6,124.2,113.5,134.6,124.2,NA,124.8,122.1,NA,NA,128.4,NA,118.1,123,NA,127.8,122.3,125,112.8,120.8,124.4,119.1,123.8
Urban,2014,January,130.9,NA,125.7,NA,130.2,NA,127.7,124.3,122.4,125,126.3,131,126.2,125.3,123.5,117.2,133.8,127.6,NA,130.1,122.2,NA,NA,129.1,125.3,133,120.9,NA,124.3,126.3,121.5,123.5,134.9,124.4,120.5,130.4
Rural+Urban,2014,January,128.9,NA,126.1,NA,133.3,NA,133.3,126.4,124.1,127.7,129.2,129.8,125.4,125.1,126.3,115.6,139,129.6,NA,130.5,123.3,NA,NA,125.1,125.4,132.4,123.3,NA,126.6,127.3,130.6,123.5,140.3,124.5,130.4,141.8
Rural,2014,February,126.1,NA,123.6,NA,123.9,NA,119,124.1,120.9,122.6,123.9,127.4,129.4,123.6,124,120,119.5,124.4,NA,126.7,122.9,NA,NA,129,NA,122.8,121.9,NA,124.8,125.5,125.7,119.9,121.1,124.6,120.6,124.3
Urban,2014,February,130.5,NA,124.6,NA,130.5,NA,128.5,124.2,122.2,124.9,126.4,131.1,127.3,124.8,122.9,117,134,127.8,NA,130.1,121.7,NA,NA,127.9,126,132.5,119.8,NA,125.1,126.1,121.6,124,136.5,124.7,121.7,129.1
Rural+Urban,2014,February,126.2,NA,125.5,NA,122.7,NA,120.2,128.1,123.3,121.7,129.1,128.8,125.9,127.5,126.3,110.5,139.8,124.2,NA,124.4,121.6,NA,NA,129.3,NA,116.5,123.8,NA,131.5,118.3,119.2,110.4,121,124.8,118.2,125.4
Rural,2014,March,130.5,NA,124.7,NA,130.2,NA,128.8,124.6,122.6,125.1,126.8,131.2,127,124.9,123,117.1,134.4,127.6,NA,130.9,121.9,NA,NA,127.1,125.7,132,120.1,NA,125.6,126.1,121.3,123.9,136.9,124.8,120.3,128.1
Urban,2014,March,132.7,NA,125.8,NA,129.1,NA,126.9,128.9,124.4,123,126.9,135.1,131.4,129.6,125.2,124,124.3,124.1,NA,128.4,126.7,NA,NA,131,131,132.8,122,NA,127.9,124.3,124.6,128,132.6,124.8,123.6,131
Rural+Urban,2014,Macrh,132.1,NA,126.9,NA,128.9,NA,125.8,127,124.2,123.1,126.9,134.7,131,128.2,124.5,124.9,124.9,123.7,NA,127.9,126.7,NA,NA,130.1,129.8,134,121.4,NA,128.3,124.4,124.4,125.9,130.5,124.8,126.7,129.8
Rural,2014,April,131.1,NA,127.3,NA,127.8,NA,126.6,125.5,124.1,123.7,127.2,134.7,131.2,127.5,124.2,125.2,124.8,123.8,NA,127.4,126.6,NA,NA,130.1,129.5,132.2,120.9,NA,129,124.6,124.6,123.8,129,124.8,123,129.5
Urban,2014,April,128.2,NA,124.4,NA,132.9,NA,132.2,125.7,122.4,127,128,129.5,125.7,124.4,125.6,115.7,135.3,129.7,NA,130.2,122,NA,NA,124.5,124.3,130.1,122.6,NA,125.5,126.1,126.4,123.4,138.6,125,128.8,141.2
Rural+Urban,2014,April,128.7,NA,126.7,NA,131.6,NA,125.6,124.5,123,126.4,127.2,129.7,125.8,125.5,123,117.3,134.8,125.3,NA,130.4,123.4,NA,NA,126.6,124.3,133.5,122,NA,125.4,126.3,121.6,123.4,134.8,125.1,123.4,127.7
Rural,2014,May,131.7,NA,128.1,NA,127.8,NA,126.3,125.8,124.5,124.2,128.3,134.9,131.3,128.1,125.1,125.9,125,124.5,NA,127.2,126.7,NA,NA,130.7,130.2,132.6,121,NA,129.7,125.6,125.2,124.6,129.4,125.1,119,129.5
Urban,2014,May,131.4,NA,128,NA,127.2,NA,126,125.1,124.5,124.9,127.8,134.8,131.1,128.6,124.8,127.3,124.8,124.7,NA,126.9,126.7,NA,NA,130.9,130.4,134.7,121.9,NA,129.2,125.9,125.6,124.7,128.7,125.2,113.7,129.1
Rural+Urban,2014,May,130.6,NA,126.8,NA,132.7,NA,126.7,124.9,123.3,125.9,127,130.8,126.2,125.8,123.7,117.5,134.1,126.9,NA,131.1,123.6,NA,NA,128.6,125.9,133,121.9,NA,124.7,126.8,121.8,124,134.6,125.3,121.5,129.8
Rural,2014,June,130.5,NA,126.5,NA,125.5,NA,126.5,123.5,123.8,124.2,125.4,134.9,132.3,126.9,124.3,127.7,125.4,124,NA,125.9,125.7,NA,NA,131.6,129.9,132.7,119.7,NA,127.2,127.2,124.1,125,127.3,125.3,111.1,129.5
Urban,2014,June,130.4,NA,126.5,NA,125.7,NA,126.2,123.4,123.8,124.1,126.1,134.6,130.9,127.2,124.4,127.2,125,124.2,NA,126.2,125.5,NA,NA,131,129.6,133.6,120,NA,127.4,126.4,124.6,124.5,127.4,125.4,111.4,129.4
Rural+Urban,2014,June,128.1,NA,124,NA,124.8,NA,120,125,121.9,123,124.3,129.6,129.6,124.2,124.7,120.6,120.5,124.6,NA,127.1,123.7,NA,NA,130.1,NA,123.6,122.7,NA,125.8,124.3,126,121,121.8,125.5,122.7,125.8
Rural,2014,July,133.2,NA,124.8,NA,136.4,NA,135.9,128.6,123.7,126.5,129.2,132.5,126.6,126.3,128.4,115.4,139.7,134.3,NA,132.5,122.3,NA,NA,129.7,126.4,132.8,122.4,NA,126.3,130.8,131.1,128.8,143.1,125.5,128.8,136.8
Urban,2014,July,131.7,NA,125.3,NA,130.6,NA,129.9,126,123.5,126.4,128.1,132.6,128,126.1,124.5,117.5,135.1,126.7,NA,131.5,123.1,NA,NA,128,127.3,133,121.2,NA,126.7,127.3,123.3,124.1,135.5,125.5,119.9,128.9
Rural+Urban,2014,July,126.4,NA,125.6,NA,123.5,NA,120.1,126.2,123,123,127.6,128.6,128,126.1,125,114.5,135.4,124.8,NA,125.1,122.5,NA,NA,129.7,NA,118.5,124.1,NA,128.2,121.9,125.4,113.7,121.8,125.7,119.3,125
Rural,2014,August,131.3,NA,124.9,NA,125.4,NA,126.6,123.6,124.2,124.5,124.4,135.6,133.3,126.7,124.7,128.5,125.6,124,NA,126.1,126,NA,NA,132.4,130.7,132.7,119.9,NA,127.7,126.4,124.3,125.2,128.4,125.7,113.1,130.3
Urban,2014,August,132.5,NA,126.2,NA,134.9,NA,134.7,128.5,124.1,126.4,129.2,131.6,125.6,126.1,128.6,115.6,139.5,134.5,NA,132.9,122.8,NA,NA,129.3,125.8,132.9,122.8,NA,125.5,132,131.3,128.5,141.9,125.8,128.3,136
Rural+Urban,2014,August,127.4,NA,126,NA,124.4,NA,121.5,127,123.5,123.5,128.4,130.5,128.6,126.9,125.7,114.9,136.3,125.2,NA,125.9,123.1,NA,NA,130.8,NA,118.9,124.7,NA,128.9,121.6,125.7,114.5,122.4,125.9,120.4,126.6
Rural,2014,September,126.9,NA,126.5,NA,124.2,NA,123.2,129.4,124.5,123.6,130.4,131.5,128.1,128.9,127.5,112.1,141.7,125.8,NA,125.5,122.5,NA,NA,131.8,NA,117.2,125.8,NA,131.3,119.1,118.6,112.1,122.8,126.1,117.7,128.9
Urban,2014,September,128.3,NA,124.9,NA,125.1,NA,121.1,125.7,122.4,123.1,125.4,130.2,130.1,124.8,125.4,121.1,121.2,125.9,NA,127.4,124.6,NA,NA,130.9,NA,124.3,123.5,NA,125.5,125.1,127,122.1,122.5,126.1,122.2,126.1
Rural+Urban,2014,September,129.7,NA,127.1,NA,136,NA,132.6,128.3,124.7,128,129.3,130.1,125.7,126.1,127.2,115.7,140.3,128.5,NA,132.9,123.7,NA,NA,126.1,124.5,133.2,123.8,NA,126.3,132,132.7,128.1,141.3,126.3,129.9,133.1
Rural,2014,October,126.6,NA,126.1,NA,123.3,NA,121.3,128.7,124.3,123.1,129.5,129.9,127.4,128,126.8,111.8,140.8,125.2,NA,124.6,122.1,NA,NA,130.5,NA,116.9,125.3,NA,130.8,118.5,119.4,111.3,122.2,126.4,117.8,127
Urban,2014,October,127.3,NA,126.7,NA,124.9,NA,122.4,127.9,123.8,123.8,128.4,131,128.7,127.4,126.1,115,136.3,125.5,NA,125.8,123.7,NA,NA,131.2,NA,118.7,124.8,NA,128.7,121.8,126.7,115.5,122.9,126.4,119.9,127
Rural+Urban,2014,October,131.9,NA,127.2,NA,137.7,NA,133.6,128.7,124.9,127.3,129.6,131.4,125.7,126.3,128.6,115.7,139.6,132.3,NA,133.9,123.7,NA,NA,128.5,125.7,132.8,123.2,NA,125.6,132.4,131.6,129.1,140.9,126.5,129.6,136.2
Rural,2014,November,126.7,NA,127.1,NA,124.8,NA,123.8,130.5,124.6,124,129.9,131.9,128.1,129.3,127.2,112,141.5,125,NA,125.2,122.8,NA,NA,131.7,NA,116.6,125.6,NA,131.2,118.7,119.4,113,123.1,126.6,117.2,129.8
Urban,2014,November,132.4,NA,125,NA,135.8,NA,135.7,128.6,123.9,126.5,129.5,132.1,126.8,126,127.2,115.2,139.6,135.7,NA,133.1,122.2,NA,NA,128.5,126.5,132.9,121.6,NA,126.2,132.2,131.9,129.2,144.7,126.6,129.6,136.2
Rural+Urban,2014,November,132.6,NA,125.1,NA,135.6,NA,136.2,129.2,124.3,126.8,129.7,132.3,126.6,126.2,127.6,115.3,140.1,135.6,NA,134.1,122.2,NA,NA,127.7,126.6,132.4,121.9,NA,126.4,134,129.6,129.3,145.1,126.6,127.7,135
Rural,2014,December,129.4,NA,125.1,NA,126,NA,122.3,126.9,124.3,123.8,125.7,131.5,130.7,125.3,126.3,120.9,122.1,128,NA,128.4,125.3,NA,NA,132.4,NA,124.6,124,NA,126.7,124.4,127.9,122.6,123.4,127,121.6,127.7
Urban,2014,December,131.5,NA,125.5,NA,125.1,NA,126.7,124.6,124.2,125.4,124.7,136.4,133.4,127.3,125.3,129.2,125.2,123.6,NA,126.4,126.6,NA,NA,132.9,131.9,133.4,120.4,NA,127.8,125,125.3,124.4,128.7,127.1,112.7,130
Rural+Urban,2014,December,133.4,NA,125.6,NA,135.1,NA,137.1,130.1,124.9,127.9,131,133.4,127.3,127,129.3,115.6,140.8,132.7,NA,134.4,123.3,NA,NA,128.1,127.8,133.4,123,NA,127.5,134.4,132.9,129.2,141.4,127.2,127.9,134.6
Rural,2015,January,134.2,NA,126.2,NA,133.3,NA,131,127.3,124.5,127.4,129.2,134.3,130,127.1,125.3,120.8,134.1,127.7,NA,133.4,124.1,NA,NA,130.2,130.1,134,122.4,NA,127.9,128.5,123.7,125.9,136.7,127.3,120.1,131.6
Urban,2015,January,128.3,NA,126.3,NA,125.5,NA,123.7,128.8,124.9,124.3,129.3,132.2,129.2,128,126.7,115.4,136.4,126.5,NA,126.7,124.5,NA,NA,132.3,NA,118.9,125.1,NA,129.5,121.5,127.6,115.9,124,127.4,120.1,128.4
Rural+Urban,2015,January,131,NA,125.6,NA,127.3,NA,122.9,128.2,125,124.7,125.9,133,132.1,126.1,127.3,121.8,122.1,129.8,NA,130.1,125.7,NA,NA,134,NA,125.1,123.8,NA,127.9,128,128.1,124.1,123.9,127.4,122.9,130.3
Rural,2015,February,129.7,NA,127.3,NA,126.3,NA,124.6,130.1,125.7,124.6,130,133.9,130.3,129.2,127.8,116.4,137.6,128.7,NA,128.6,125,NA,NA,133.9,NA,119.4,125.3,NA,130.3,124.1,127.8,117.3,125.2,127.5,121.5,130.9
Urban,2015,February,127.5,NA,126.6,NA,125.3,NA,125.2,131.1,125.3,124.4,131.1,133,128.5,130,127.5,112.8,141.3,124.7,NA,126.1,123.7,NA,NA,132.2,NA,116.7,125.7,NA,131.7,118.8,121.1,113.3,124.3,127.6,118.4,130.6
Rural+Urban,2015,February,128.9,NA,127.7,NA,125.8,NA,126.4,132.4,126.1,124.6,132,134.9,129.4,131.5,128.7,113.8,142.9,127.5,NA,128.1,124.3,NA,NA,133.8,NA,117.3,126.2,NA,132.1,120.4,120.6,114.7,125.9,127.6,119.8,132.5
Rural,2015,March,131.1,NA,128.4,NA,125.7,NA,127.3,125.6,124.8,126,125.7,136.9,134,127.6,125.7,128.9,125.2,124.3,NA,126.7,126.6,NA,NA,133.1,132.1,134.2,121.2,NA,128.2,124.6,125.7,125.6,130.3,127.8,112.9,129.9
Urban,2015,March,132.7,NA,128.1,NA,126.7,NA,128.7,126.4,125.5,127.1,126.7,137.4,136.1,128.9,126.6,129.1,125.8,125.4,NA,128.4,126.4,NA,NA,134.4,131.9,134.2,121.6,NA,128.8,125,124.6,126.2,131,128.1,119.9,131.1
Rural+Urban,2015,March,135.7,NA,126.5,NA,136.3,NA,132.3,130.8,125.7,128.4,130.3,135.6,131.5,128.7,127.5,121.1,132.1,128.1,NA,135.7,125.5,NA,NA,131.6,131.4,134.8,123,NA,128.6,130,125.1,129.3,138.4,128.3,123,133.4
Rural,2015,April,131.8,NA,128.9,NA,125.7,NA,127.7,125.8,124.9,126.4,125.7,137,134.8,128.2,125.8,129.7,125.5,125,NA,127.2,127.1,NA,NA,133.7,131.9,134.3,121.6,NA,128.8,124.1,124.6,124.9,129.3,128.4,115.5,130
Urban,2015,April,135.4,NA,127.1,NA,136,NA,132.3,132.3,126.9,129.6,131.9,135.7,131.3,130.2,128.3,122.5,131.1,128.5,NA,137,127.4,NA,NA,131.1,131.6,136.1,125,NA,130,129.9,125.4,130.4,139.1,128.9,126.3,133.7
Rural+Urban,2015,April,134.2,NA,129.2,NA,132.1,NA,130,129.1,127.6,129,130.1,137.9,137.1,131.6,127.5,128.9,127.3,126.3,NA,131.4,128.2,NA,NA,136.1,134.7,134.6,124.1,NA,130.4,126.1,127,129,131.4,129,124.7,131.6
Rural,2015,May,132.1,NA,130.5,NA,130.2,NA,128.9,134.2,127.5,126.7,134.3,137.1,132.1,133.4,131.2,114.3,144.2,128.1,NA,130.9,124.7,NA,NA,136.3,NA,118.6,127.8,NA,134.9,121.8,121.9,117.7,127,129.2,119.6,133.8
Urban,2015,May,134,NA,127.2,NA,129.3,NA,124.7,129.9,126.6,126.6,128.4,135.7,134.8,128.2,129.5,122.9,122.8,130.7,NA,132.4,127.5,NA,NA,136,NA,126.9,125.3,NA,129.8,132,130.7,125.4,124.6,129.2,126.9,132.8
Rural+Urban,2015,May,132.9,NA,129.9,NA,129.9,NA,126.7,131.8,127.2,126.7,132.3,136.4,133,131.2,130.1,117.1,138.8,129.4,NA,131.3,126,NA,NA,136.1,NA,120.9,126.9,NA,132.7,126.8,130.3,119.8,126.1,129.2,123.6,133.1
Rural,2015,June,135.8,NA,126.6,NA,138.3,NA,139.1,131.5,126.4,128.9,132.5,135,129.3,127.8,130.2,119.9,139.4,134.3,NA,136.4,124.5,NA,NA,130.1,130.5,134.6,124,NA,128.6,132.5,134.5,130.4,143,129.6,128.3,137.4
Urban,2015,June,133.7,NA,131.9,NA,133.7,NA,131.3,136.1,130.1,128.4,136.4,138.2,133.6,135,132.8,114.4,145.3,129.9,NA,132.9,126.2,NA,NA,137.3,NA,119.9,130.1,NA,136.2,122.2,125.1,117.9,129.7,130,122.7,134.3
Rural+Urban,2015,June,134.9,NA,128.4,NA,134.5,NA,132.4,130.1,127.3,131,133.6,135,130.7,128.8,127.3,126.1,131.8,126.5,NA,135.7,128.4,NA,NA,130.2,131.3,136.7,125.2,NA,131.5,129.4,125.5,128.1,136.6,130,126.5,131.9
Rural,2015,July,135.1,NA,128.2,NA,135.6,NA,131.8,131.3,127.2,130.2,132.4,135.3,130.7,129.7,127.7,124.7,131.8,127.7,NA,136.2,128.2,NA,NA,130.3,130.7,136.5,125.5,NA,130.8,129.9,125.4,130.4,137.4,130.1,128.4,132.7
Urban,2015,July,135.4,NA,129.4,NA,134.7,NA,132.4,130.2,128.1,131.7,134.9,134.8,130.8,129,128.3,128.4,132.1,127.5,NA,136.2,128.5,NA,NA,130.9,132.4,138.1,125.8,NA,132.2,130.8,126.2,128.8,138.3,130.1,124,131.7
Rural+Urban,2015,July,134.4,NA,130.7,NA,131.4,NA,130.3,129.7,129.8,130,132,138.4,137.7,132.1,128.5,130.2,128.2,126.4,NA,131.6,130.4,NA,NA,136.7,134.6,135.4,126.6,NA,132,129.2,128.5,129.7,131.2,130.2,127.3,132.5
Rural,2015,August,133.9,NA,131.3,NA,133.4,NA,128.7,133.5,129.5,128.3,134.6,137.6,134.3,133.2,131.3,117.7,139.9,130.8,NA,133.2,127.8,NA,NA,136.7,NA,122.4,129.3,NA,133.9,127,133,121,128.5,130.5,126.3,134.2
Urban,2015,August,137.2,NA,127,NA,141.4,NA,140.3,134.5,127.7,129.9,133.7,136.5,131.2,129.4,132.8,120.1,136.1,134.9,NA,138.9,126,NA,NA,131.8,132,135.7,124.9,NA,130.2,134.3,136.9,134.4,143.9,130.7,128.3,140.3
Rural+Urban,2015,August,134.3,NA,131.9,NA,130.5,NA,130.4,128.8,130,130.2,130.9,138.6,137.8,131.9,128.5,131.5,128.4,126.5,NA,130.2,129.4,NA,NA,136.4,133.5,136.8,127,NA,132.5,130.1,129.7,127.9,128.8,130.9,126,132.3
Rural,2015,September,137,NA,127.5,NA,140.3,NA,140.8,136.8,129.1,131.1,135,136.3,131.2,130.6,134.4,121.8,134.2,135.3,NA,140.3,128,NA,NA,131.2,132.4,137.3,126.8,NA,131.8,135.7,139.3,135.2,143.8,131.1,129.2,141.6
Urban,2015,September,135.4,NA,134.3,NA,135.4,NA,133.9,138.1,132.1,130,138.8,138.9,134.8,136.9,134.4,114.8,145.5,129.6,NA,133.7,128.2,NA,NA,138,NA,120.7,131.6,NA,138.3,123.6,126,119.4,130.9,131.2,124.5,136.6
Rural+Urban,2015,September,134.7,NA,129.3,NA,134,NA,132.5,129.7,128.2,132.4,134.2,134.5,130.9,129.4,128.1,131.6,131.6,127.9,NA,135.3,128.4,NA,NA,130.9,132.3,138.6,126.2,NA,131.6,131.2,126.6,128.5,139.6,131.2,123.2,131.2
Rural,2015,October,134.3,NA,128.7,NA,132.7,NA,126.2,131.3,128.6,127.8,131.1,137,135.9,130.8,130.5,124.6,124.1,131.5,NA,134.2,129.5,NA,NA,136.2,NA,129.1,127.9,NA,130.9,132.1,133.4,129.1,126.4,131.4,129.4,134.1
Urban,2015,October,135.6,NA,133.6,NA,134.9,NA,130.9,135.1,131.1,129.9,136.5,138.5,135.6,135.1,132.9,118.6,140.4,130.8,NA,134,129.6,NA,NA,137.4,NA,123.4,130.7,NA,135.8,128.3,134.1,122.5,130.2,131.9,126.1,135.7
Rural+Urban,2015,October,135.6,NA,132,NA,132.6,NA,130.9,128.6,131.1,130.7,132.8,139.3,138.4,133.1,129.6,132.3,128.4,126.2,NA,131.7,129.6,NA,NA,137.9,134.8,138,128.6,NA,134.8,133,133.3,129,130,132.3,124.2,134.3
Rural,2015,November,134.1,NA,128.1,NA,132.3,NA,132.5,128.3,127.7,132.5,132.7,134.4,130.8,128.5,127.7,135.8,131.7,127.9,NA,133.5,127.4,NA,NA,131,131.7,138.2,124.9,NA,129.9,132.5,125.5,127.5,140.5,132.7,121.4,130.9
Urban,2015,November,137.2,NA,128.7,NA,138.7,NA,141.6,136.2,130.1,132.6,137.5,135.4,130.5,129.7,133.5,126.5,135,130.7,NA,138.9,129.8,NA,NA,130.4,133.5,138.2,127.7,NA,133.7,134.3,141.1,136.6,142,132.8,130.2,139
Rural+Urban,2015,November,137.5,NA,129.7,NA,139.1,NA,142,136,131.3,133.4,138.9,134.6,130.5,129.7,134.6,129.6,135.3,132.3,NA,139.7,130,NA,NA,131.2,135,140,128.6,NA,134.4,136.2,142.9,137.1,144.7,132.9,129.3,138.2
Rural,2015,December,136.8,NA,128.5,NA,139.8,NA,141.2,137,129.9,131.8,135.8,135.9,130.5,130.7,134,124.6,134.9,133.9,NA,139.4,129.4,NA,NA,130.7,131.7,137.4,128,NA,133,135.5,141.3,139.4,142.3,133,130.1,141
Urban,2015,December,133.9,NA,127,NA,131.6,NA,132.8,128.1,127.4,132.4,131.7,134.8,132.1,127.8,127.4,138.4,132,128,NA,132.4,127.2,NA,NA,131.7,132.5,137.1,124.5,NA,129.3,133.3,124.9,127.4,141.5,133,120.8,131.4
Rural+Urban,2015,December,135.9,NA,130.5,NA,134,NA,128.1,132.6,129.4,129.5,132,138.2,137.4,132.7,132.1,126.4,125.3,131.8,NA,134.8,131.1,NA,NA,137,NA,130.6,129.2,NA,132.5,133.3,134.5,130.8,129.1,133.2,127.4,135.4
Rural,2016,January,134.6,NA,126.1,NA,131.3,NA,132.4,128.6,128.1,132.6,130.8,135.4,133.6,127.6,127.8,138.7,131.9,128,NA,132.2,127.7,NA,NA,132.5,132.8,137.5,124.5,NA,129.4,133.2,125.1,128,143.2,133.5,121.1,132
Urban,2016,January,135.8,NA,132.7,NA,133.9,NA,128.7,132.1,129.6,130.2,132.5,138.8,138.1,133.4,132.3,128,126.4,133.6,NA,135.4,131.8,NA,NA,137.4,NA,134.7,129.4,NA,133.7,133.3,135.3,128.8,128.1,134.2,127.6,135.7
Rural+Urban,2016,January,136.6,NA,131.6,NA,133.7,NA,132.5,128.2,133,131.8,132.2,139.1,138.5,134.3,130.1,133.1,129,127.9,NA,132.1,130.4,NA,NA,139,135.4,139.5,129.5,NA,134.7,133.4,133,128.5,127.6,134.2,132.1,135.4
Rural,2016,February,134.5,NA,126.4,NA,131.4,NA,133.2,129.2,127.6,132.5,131,136.2,134.1,127.8,128.2,138.6,131.3,127.6,NA,132.5,128.3,NA,NA,133.1,133.5,137.1,124.8,NA,129.2,131.3,126,127.3,144.7,134.4,120.7,131.7
Urban,2016,February,137,NA,132.4,NA,134.8,NA,131.4,129.4,132.4,131.5,132.9,140.2,140.2,135.2,130.4,133.6,129.1,127.8,NA,132.7,130.9,NA,NA,140.1,136.9,139.7,131,NA,135.7,133.5,134,129.7,129.1,134.4,130.4,135.2
Rural+Urban,2016,February,136.8,NA,136.1,NA,137.2,NA,132.8,135.6,133.1,132.2,138.7,140.1,137.1,136.8,133.6,119.2,142.7,132.5,NA,135.4,131.3,NA,NA,138.1,NA,129.9,132.5,NA,138.3,127.7,135,123.2,130.9,134.5,126.9,136.6
Rural,2016,March,136.5,NA,134.8,NA,134.5,NA,130,132.3,130.4,132.4,135.8,141.2,141.3,132.8,132.1,130.6,127,136.8,NA,138,131.9,NA,NA,138.4,NA,140.4,128.8,NA,137.3,134.4,135.9,127.3,128.7,134.5,127.6,136.1
Urban,2016,March,136.6,NA,129.6,NA,138.3,NA,142.9,135.8,131.4,134,138.1,134.2,130.8,129.9,134.6,133.6,134.6,132.9,NA,138.5,129.8,NA,NA,131,134.7,139.9,128.7,NA,133.7,136.7,143.7,136.1,147.4,134.5,133.1,137.5
Rural+Urban,2016,March,135,NA,131.2,NA,133.8,NA,132.2,127.6,132.1,132.7,131.5,139.3,139.7,133.5,130,132.7,128.2,127.7,NA,131,129.4,NA,NA,137.9,134.8,138.7,129,NA,136.5,132.4,130.4,127.9,129.2,134.5,128.8,134.3
Rural,2016,April,136.8,NA,135,NA,134.4,NA,130.3,132.7,130.6,132.8,134.3,141.5,141.4,133.2,132.7,130.5,127.5,136.3,NA,137.7,132.3,NA,NA,138.9,NA,141.7,129.2,NA,136.8,134.5,135.9,127,128.6,134.6,127.2,136.2
Urban,2016,April,136,NA,130.7,NA,134,NA,132.3,127.5,132.1,131.3,132.3,139.3,139.1,134,129.9,132.3,129.4,127.8,NA,132,130.5,NA,NA,138.5,135.3,139.1,129.4,NA,135.5,133.7,131.4,128,127.8,134.6,130.9,134.8
Rural+Urban,2016,April,137.5,NA,136.9,NA,138.8,NA,137.3,139.8,135.1,132.6,141.9,141.4,136.6,139.2,135.7,114.9,148.2,131.2,NA,135.4,130.8,NA,NA,139.1,NA,128.1,134.3,NA,141.9,122.4,129,121.1,132.5,134.7,126,139.1
Rural,2016,May,135.3,NA,131,NA,133.2,NA,132.1,127.2,132.1,131.7,131.3,139,138.8,133.2,130.1,132.5,128.5,127.2,NA,131,129.7,NA,NA,138,135.6,138.9,128.9,NA,136.6,133.4,130.4,128.4,127.8,134.7,129.2,134.5
Urban,2016,May,134.6,NA,127.4,NA,131.9,NA,133.6,130.1,128,133.3,131.7,136.6,134.7,127.7,128.7,138.3,131.8,128,NA,133.3,128.3,NA,NA,133.3,133.6,138.1,125.2,NA,129.5,130.6,126.4,130.5,145.5,134.8,120.8,131.5
Rural+Urban,2016,May,136.2,NA,134.4,NA,135,NA,128.8,134.3,130.9,131.9,134.9,139.5,139.1,134.4,133,129.9,126.9,134.3,NA,137.1,132.4,NA,NA,137.9,NA,137.7,130.1,NA,135.8,134.2,136.6,130.5,129.8,135.1,128.7,135.8
Rural,2016,June,137,NA,139.4,NA,138.8,NA,135.3,136.5,132.7,134.4,138.8,140.8,139.6,137.4,134,120.5,147.9,140.8,NA,136.1,131.7,NA,NA,139.3,NA,137.3,133.8,NA,141,128.9,135.6,124.1,132.2,135.3,127.9,137.8
Urban,2016,June,135.3,NA,132.3,NA,134.6,NA,132.8,128.6,133.1,133.8,132.3,140.3,141.2,134.1,131.2,133.6,128.4,128.4,NA,131.2,130.5,NA,NA,139,135.4,139.4,129.5,NA,136.6,134.2,132.8,129.1,130.7,135.4,132.8,135.4
Rural+Urban,2016,June,136.9,NA,135.4,NA,134.6,NA,129.5,132.9,130.7,132.6,136.2,141.1,140.5,133.9,132.4,131.3,126.7,136.5,NA,138.5,131.7,NA,NA,138.6,NA,142.1,129.2,NA,136.9,136.7,135.8,128,128.6,135.5,127.6,136.3
Rural,2016,July,136.6,NA,128.9,NA,133.1,NA,134.5,131,128.8,133.7,132.1,137.7,136.8,128.9,130.2,138.3,131.4,128.3,NA,134.9,128.1,NA,NA,134.4,133.5,138.3,125.4,NA,130.1,131.8,125.3,131.2,147.7,135.5,125,132.8
Urban,2016,July,135.4,NA,128.2,NA,132.2,NA,133.4,130.4,128,133.3,131.5,136.9,135.2,128.1,129.3,138.4,131.7,128.1,NA,134,128.4,NA,NA,133.7,133.6,138.5,125.5,NA,129.6,131.3,125.3,130.1,145.6,135.6,123.2,131.8
Rural+Urban,2016,July,137.1,NA,140.4,NA,140.9,NA,140.6,141.2,134,134.8,141.1,140,138.7,140.4,136.3,115.6,154.8,146,NA,135.6,131.2,NA,NA,139.8,NA,135.6,136.4,NA,144.3,123.5,129.8,123,134.3,135.7,128.7,142.4
Rural,2016,August,136.8,NA,136.9,NA,134.6,NA,130.7,133.4,131.4,133.7,135.2,141.9,141.9,134,133.7,130.9,129.4,136.1,NA,137.4,133.3,NA,NA,139.2,NA,143.4,130.2,NA,136.8,134,137.3,128.4,129.2,135.7,127.1,137.1
Urban,2016,August,137.2,NA,138.9,NA,139.7,NA,133.2,137.6,134.4,133.5,141.5,140.6,137.9,138.3,134.5,120.3,145,134.8,NA,137.6,132.3,NA,NA,139.1,NA,135.5,133.2,NA,141,129.1,136.3,126.8,132.2,135.9,128.1,137
Rural+Urban,2016,August,137.5,NA,135.7,NA,136.8,NA,129.1,134.2,132.1,133.6,138.3,140.1,140.3,134.9,133.5,131.1,127.4,136.2,NA,141.5,133.1,NA,NA,138.8,NA,141.1,131.8,NA,137.8,135.6,138,129.8,129.3,135.9,128.1,137.4
Rural,2016,September,137.3,NA,139.7,NA,139.1,NA,136.2,136.9,133.4,135.3,139.6,141.3,140.3,137.8,134.9,120.5,150.7,140.7,NA,136.2,132.6,NA,NA,139.6,NA,140.1,134.8,NA,141.7,129.7,137,123.8,132.4,136.1,128.1,138.5
Urban,2016,September,136.3,NA,132.8,NA,135.4,NA,134,129.3,133.4,133.9,132.7,141.1,142.7,134.9,131.6,134.3,129.8,129.5,NA,132.5,130.9,NA,NA,139.8,135.9,139.4,131.1,NA,137.5,135.1,131.8,129.5,133.1,136.1,134.5,135.9
Rural+Urban,2016,September,137,NA,139.7,NA,139,NA,134.7,136.4,132.6,134.6,139.9,140.7,139.1,137.3,133.6,120.6,148.8,140.4,NA,138.5,131.3,NA,NA,138.8,NA,137.4,133.5,NA,142.2,130.2,135.7,123.8,131.9,136.2,127.6,137.6
Rural,2016,October,137.6,NA,139.8,NA,142.2,NA,143.1,141.8,135.6,136.3,141.8,141.6,141.4,140.7,137.5,116.2,159.2,144.9,NA,136.4,132.5,NA,NA,140.9,NA,142.3,138.4,NA,146.2,128,130.9,122.2,136,136.2,130.1,143
Urban,2016,October,138.9,NA,129.9,NA,138.7,NA,136.2,133.8,130.8,135.1,136.1,139.1,138.3,131.8,131.6,139.1,131.9,129,NA,137.2,130.2,NA,NA,136.7,136,138.8,127.2,NA,131.6,133.3,127.6,131.5,148.7,136.2,129.4,134.1
Rural+Urban,2016,October,137.9,NA,139.7,NA,139.7,NA,134.5,136.7,133.1,134.7,141.6,141.1,138.7,137.7,134.1,120.8,148.3,138.7,NA,139.9,131.4,NA,NA,139.5,NA,137.4,134.2,NA,142.5,131.5,135.6,124.6,132.3,136.3,127.5,138
Rural,2016,November,137.7,NA,140.4,NA,141.3,NA,142.1,141.2,134.6,135.7,141.8,140.6,139.5,140.5,137,115.4,158,146.1,NA,135.8,131.9,NA,NA,140.2,NA,138.9,137.4,NA,145.4,125.5,131,122,134.2,136.3,129.3,142.5
Urban,2016,November,137.9,NA,140,NA,142,NA,138,141.6,136.4,133.8,144.8,141.7,137.4,141.1,137,115.7,151.2,135.4,NA,137.8,132.2,NA,NA,140.6,NA,134.7,134.9,NA,145,124.2,130.8,125.4,133.6,136.4,127.3,140.5
Rural+Urban,2016,November,137.8,NA,139.4,NA,139.9,NA,137.1,138,134.4,136,140,142.4,142.1,138.3,135.8,121.2,152.1,140.5,NA,137,133.3,NA,NA,140.8,NA,142.8,136,NA,142.8,130.8,138.2,124.2,134.5,136.6,129,139.3
Rural,2016,December,138.6,NA,140.7,NA,142.2,NA,139.8,141.4,134.5,135.1,144.4,141.1,137.9,140.5,137,115.7,155.6,141.2,NA,140.4,131.1,NA,NA,140.6,NA,135.6,137,NA,146.9,126.5,131.7,123.3,134.5,136.7,127.4,142.9
Urban,2016,December,136.3,NA,128.5,NA,136.4,NA,142.4,134.8,131.1,134.3,136.8,134.2,130.7,129.4,134.2,139.8,134.7,133.6,NA,136.3,129,NA,NA,131.1,134.3,139.8,127.8,NA,132.1,138.8,140.6,133.5,149.9,136.7,131.9,135.2
Rural+Urban,2016,December,138.6,NA,141.2,NA,141.8,NA,134.5,138.3,135.6,136.1,144.8,141.2,139.2,139,135.2,121.1,147.3,137.5,NA,142.8,133.6,NA,NA,139.9,NA,137.6,136,NA,143.8,130.7,137.7,127.4,132.5,136.8,127.9,139
Rural,2017,January,138.5,NA,139.8,NA,141.3,NA,143.6,142.5,136.3,136.3,142,142.4,142.6,141,138.5,116.2,160.8,143.9,NA,139,133.2,NA,NA,142,NA,142.4,138.7,NA,147.2,129.6,131.4,121.3,136.4,136.9,130.1,144.7
Urban,2017,January,137.4,NA,140.8,NA,141.2,NA,139.8,141.3,133.9,135.1,141.9,140.1,138.1,140.6,136.2,115.7,156.2,144.5,NA,138.7,130.8,NA,NA,139.3,NA,136.3,136.2,NA,146,126.1,130.6,122.5,133.7,137.2,127.6,141.9
Rural+Urban,2017,January,138,NA,137.9,NA,135.2,NA,131.5,134.9,132.4,134.7,136.4,143.2,143.6,135.1,134.8,131.6,131.1,136.7,NA,138.9,134.1,NA,NA,140.7,NA,144,131.8,NA,138.4,133.8,138.5,129.6,131.8,137.2,128,138
Rural,2017,February,135.9,NA,127.1,NA,135.5,NA,142.9,134.1,130.6,134.2,135.6,134.7,132,128.5,133.6,143.3,134.9,134.2,NA,134.9,128.4,NA,NA,131.8,135.7,138.6,127.4,NA,131.1,139.6,138.1,132.2,151.8,137.2,131,136.8
Urban,2017,February,138.7,NA,139.6,NA,139.8,NA,137.6,138.8,135,136.1,140.6,143.5,143.5,138.9,136.7,121.6,153.8,141,NA,139.3,133.8,NA,NA,141.9,NA,143.1,136.4,NA,143.6,132.7,140.8,123.7,135,137.3,129.8,141.2
Rural+Urban,2017,February,136.6,NA,131.9,NA,136.9,NA,135.1,130.9,135.3,134.9,134,141.8,143.5,136.5,132.5,134.3,130.8,129.7,NA,132.2,132.3,NA,NA,140.6,136.2,140.2,131.3,NA,137.2,136.4,133.3,132.1,133.7,137.3,135.3,137.6
Rural,2017,March,139.4,NA,142.5,NA,144.2,NA,140.3,143.3,137.6,136.6,148.1,142.3,138.7,142,138.1,116.3,154.1,139.1,NA,143.2,134,NA,NA,141.4,NA,136.3,138.4,NA,148.5,126,132.4,126.5,134.4,137.4,127.7,143.6
Urban,2017,March,138.8,NA,132,NA,138.8,NA,136.1,134.7,132.7,136.5,138.6,139.6,138.9,132.5,132.9,141,132.9,128.7,NA,138.4,132.6,NA,NA,137.4,136,139.6,129.5,NA,134,134.3,129.2,133.4,149.5,137.6,131.9,134.7
Rural+Urban,2017,March,136.6,NA,126.4,NA,135,NA,141.6,135.1,131.5,134.4,134.8,135.2,133.8,128.2,134.1,143.4,134.7,134.2,NA,134.6,129,NA,NA,132.6,135.3,139.2,127.3,NA,130.9,140.3,138.2,133.5,153.9,137.8,129.5,136.9
Rural,2017,April,139,NA,139,NA,136.6,NA,132.1,135.7,132.9,135.4,137.8,144.6,145.3,135.9,135.6,132.9,133.1,138.5,NA,140.3,134.4,NA,NA,141.8,NA,145.1,132.3,NA,138.9,136,141.3,129.9,132.6,137.9,129.6,140
Urban,2017,April,136.3,NA,126.6,NA,135.3,NA,143.6,135.2,130.6,134.1,134.9,136,134.5,128.1,134.1,142.9,134.1,133.9,NA,134.8,129.7,NA,NA,133.3,135.5,138.4,127.4,NA,130.5,137.9,138,133,156.2,138.4,129,136.5
Rural+Urban,2017,April,136.7,NA,127.1,NA,135.8,NA,143.5,135.9,130.8,134.9,135.4,136.2,135.1,127.7,134.8,142.7,134.8,133.7,NA,135.9,129.6,NA,NA,133.6,135.5,139.4,127.6,NA,130.6,136.9,138.1,140.4,156.4,138.6,129,136.2
Rural,2017,May,138.1,NA,132.8,NA,139.3,NA,135.4,132.5,135.7,135.7,136.3,142.6,144.5,138.4,132.9,135,132.1,130.2,NA,134.8,133.1,NA,NA,141.2,137.7,142.1,133.2,NA,137.8,136.4,134.5,132.1,133.6,138.6,133.7,137.8
Urban,2017,May,139.7,NA,142.5,NA,142.5,NA,144.6,144.1,137.8,137,143.9,143.7,143.2,142.1,139.6,116.6,165.3,145.7,NA,142,134.4,NA,NA,143.2,NA,144.2,139.3,NA,147.8,133,131.2,122.8,137.6,138.8,133.9,145.2
Rural+Urban,2017,May,140.1,NA,142.1,NA,141.1,NA,138.6,140.2,136.5,136.9,142.2,145.7,144.5,140.3,137.8,122.4,157.4,142.2,NA,142.2,134.8,NA,NA,143.1,NA,145,137.1,NA,144.5,134.3,141.8,124.9,136.6,138.9,133,142.4
Rural,2017,June,138.4,NA,133.2,NA,137.8,NA,136.8,133.9,132.9,136.4,137.3,138.9,139,132.1,132.8,143.2,134.5,129.7,NA,136.9,132.3,NA,NA,137,135.7,140.8,129.8,NA,134.2,134.7,130.4,131.4,149.3,139,130.9,133.9
Urban,2017,June,140.6,NA,140.2,NA,138.3,NA,133.1,136.9,134.3,136.6,138.8,147.5,147.2,137.8,136.8,134.3,134.2,139.1,NA,142.6,135.3,NA,NA,143.1,NA,147.2,133.1,NA,140.2,135.7,142.3,130.6,134.8,139.2,132.3,141.5
Rural+Urban,2017,June,142.3,NA,144.7,NA,145.8,NA,146.7,146.6,140.5,139.3,145.8,146.4,146.4,144.4,142.5,116.9,167.4,146.2,NA,145.8,136.9,NA,NA,146.2,NA,146.8,141.1,NA,149.8,133.6,133.8,125.4,139.1,139.5,138.1,149.4
Rural,2017,July,137.5,NA,128,NA,136.3,NA,142.4,136.3,130.8,134.8,135.1,136.7,135.4,128.1,136.2,142.5,134.5,132.9,NA,136.7,129.5,NA,NA,133.6,135.7,140,127.8,NA,130.4,138.8,137.5,140.5,157.3,139.5,131.3,137.2
Urban,2017,July,138.9,NA,129.1,NA,137.2,NA,143.7,137.1,131.7,135.2,135.5,138,137.2,128.9,137.3,142.6,133.9,132.9,NA,137.4,129.5,NA,NA,134.4,135.5,139.7,127.6,NA,131.2,138.9,136.6,141.3,159.8,139.6,130.4,137.6
Rural+Urban,2017,July,138.8,NA,134.6,NA,139.4,NA,134.5,132.9,136.1,137.1,136.8,143.2,145.3,139.1,133.7,136.8,132.6,130.2,NA,136.1,133,NA,NA,141.3,138.1,143.5,133.9,NA,138.6,134.4,134.8,132.7,133.4,139.6,135.6,138.3
Rural,2017,August,142.9,NA,144.1,NA,144.4,NA,140.8,142.6,139.1,138.9,144.6,148.2,147.3,142.7,140.4,122.9,159.3,142.3,NA,145.6,137.6,NA,NA,145.7,NA,147.6,139,NA,146.4,135.1,144.3,127.8,138.4,140,137.7,145.4
Urban,2017,August,141.6,NA,130.1,NA,142.8,NA,146,139.9,133.6,136.4,139.8,140.6,138.9,131.9,139.6,143.8,133.9,133.3,NA,139.5,131.9,NA,NA,137.5,137.6,140.2,129.1,NA,132.6,140.8,137.9,136.6,161.2,140.1,134.3,141.3
Rural+Urban,2017,August,139.4,NA,137.1,NA,138.1,NA,134.4,132.4,134.7,136.5,138.1,145.2,144,138.8,134.5,140.9,133,130,NA,136.2,133.2,NA,NA,142.5,138,145.6,133.5,NA,138,141.1,135.5,131,134,140.2,137,141.5
Rural,2017,September,139.4,NA,137.1,NA,138.1,NA,134.4,132.4,134.7,136.5,138.1,145.2,144,138.8,134.5,140.9,133,130,NA,136.2,133.2,NA,NA,142.5,138,145.6,133.4,NA,138,141.1,135.5,131,134,140.2,137,141.5
Urban,2017,September,140.3,NA,134.3,NA,139,NA,137,133.5,133.4,137.1,139.2,139.6,139.7,133.1,133.9,144.8,134.8,130.1,NA,138.6,132.6,NA,NA,138.4,137.1,142.4,130,NA,135.9,136.1,133.7,131.9,149.9,140.5,128.5,135.8
Rural+Urban,2017,September,138.9,NA,138.4,NA,139.6,NA,134.3,133.1,136.4,137.1,137.7,143.5,144,138.8,133.8,138.7,132.8,130.9,NA,136.9,134.3,NA,NA,141.2,137.5,143.7,134.4,NA,139.5,134.7,136.3,130.7,134.5,140.7,136.2,139
Rural,2017,October,143.7,NA,141.6,NA,141.5,NA,135.4,139.3,136.7,137.3,142.2,149.9,149.1,140.4,139.1,135.2,135.5,138.9,NA,145.2,138.4,NA,NA,145.3,NA,149.6,135.2,NA,142.1,136.6,144.8,134.2,137.1,140.8,137.3,144
Urban,2017,October,143,NA,146.2,NA,148.6,NA,148.9,148.5,141.6,140.5,147.5,147.1,147.9,146.2,143,117.1,169.9,147.5,NA,149.4,139.3,NA,NA,146.9,NA,147.6,143.3,NA,150.8,133,134.9,128.2,142.2,140.9,138.5,147.7
Rural+Urban,2017,October,143.6,NA,145.6,NA,147,NA,143,144.1,140.4,140.2,146.2,149,149.2,144.3,140.9,123.5,161.5,143.3,NA,149.1,139.3,NA,NA,146.6,NA,148.6,140.8,NA,147.4,135.6,144.8,129.9,140.9,141.1,140,145.5
Rural,2017,November,144.6,NA,143.2,NA,143.6,NA,137.5,140.5,138.3,138.6,143.7,150.8,151.8,141.7,139.6,136.7,136.7,139.7,NA,148.4,139.4,NA,NA,146.3,NA,151.1,136.4,NA,143.1,138.4,145.3,134.5,138.6,141.4,141.3,144.7
Urban,2017,November,139.4,NA,137.7,NA,139.7,NA,134.2,132.9,136.3,138,138.6,145,144.3,140.4,134.9,139.7,133.1,130,NA,137.2,135.3,NA,NA,142.1,138.4,145,135.2,NA,139.5,137.3,136.6,131.9,135,141.5,139.8,140.5
Rural+Urban,2017,November,144.2,NA,144.7,NA,142.5,NA,135.4,139,137.5,138.1,141.7,150.8,152.1,140.4,139.8,137.2,139,141.7,NA,147.5,138.5,NA,NA,148.1,NA,152,134.7,NA,142.7,140.3,144.5,133.7,138.5,141.6,133.1,144.9
Rural,2017,December,141.3,NA,132.3,NA,143.4,NA,145.2,141.3,135.2,137.9,142.7,140.9,139.6,132.8,141.5,146,135,132.2,NA,141.1,134.3,NA,NA,138.3,137.8,141,131.3,NA,135.7,139.6,140.6,140.7,162.6,141.6,136.7,141.3
Urban,2017,December,142.5,NA,147.8,NA,148.6,NA,148.3,148.2,142,140.7,147.7,146.4,148.1,146.6,143.5,117.5,171.5,145.3,NA,151.5,139.9,NA,NA,146.6,NA,148.9,143.5,NA,151.5,134.8,138.4,128.2,142.7,141.9,138,146.8
Rural+Urban,2017,December,142.9,NA,147.2,NA,146.3,NA,141.9,143.4,140.8,140.2,146.1,148.2,149.1,144.2,140.9,124,163.1,142.1,NA,150.6,139.7,NA,NA,145.9,NA,149.5,140.7,NA,148,136.5,145,129.6,140.8,141.9,139.4,144.6
Rural,2018,January,143.5,NA,144.4,NA,141.7,NA,135.9,139.4,138.7,138.1,143,149.9,151.2,140.9,139.4,137.3,138.3,139.4,NA,147.8,139.5,NA,NA,145.4,NA,151,135.8,NA,143.4,138.3,145.3,133.4,137.5,142,140.6,143.9
Urban,2018,January,142.9,NA,148.1,NA,147.3,NA,148.8,148.3,142.2,141.8,147.9,147.2,147.7,146.6,143.6,117.4,174.3,145.7,NA,150.4,140,NA,NA,146.7,NA,149.7,143.9,NA,151.9,135.4,137.1,127.9,142.8,142,138.1,148.1
Rural+Urban,2018,January,141.4,NA,136.3,NA,138.2,NA,139.2,132.9,133.8,138.8,139.1,139.8,141.4,133.7,134,152,136.8,131.9,NA,139,134.1,NA,NA,139.4,138.6,143.3,132.2,NA,137.7,138.8,131.9,131.1,148.6,142.1,131.4,136.7
Rural,2018,February,143.7,NA,146.8,NA,146.3,NA,141.9,143.3,140.3,141.2,146.1,149.4,149.1,144.3,141.5,123.9,166,143.7,NA,149.4,139.3,NA,NA,148,NA,150.8,140.3,NA,147.9,138.9,144.1,130.1,141.3,142.2,135.7,146.1
Urban,2018,February,143.2,NA,147.5,NA,145.5,NA,142.2,143.4,140.7,141.2,146.2,148.9,148.8,144.2,141.1,124,165.5,143.8,NA,149.6,139.7,NA,NA,146.2,NA,150.4,140.9,NA,148.2,137.3,144.3,129.4,141,142.3,137.6,144.9
Rural+Urban,2018,February,142.6,NA,137,NA,139,NA,140.1,133.5,134.8,139.5,139.9,139.8,141,134.1,134.2,149.2,136.6,132.1,NA,139.5,134,NA,NA,140.1,138.6,143.3,132.3,NA,137.6,138.5,133.6,132.1,148.2,142.4,133.3,136.9
Rural,2018,March,142.9,NA,136.8,NA,141.1,NA,139.8,134.2,134.9,138.8,140.5,141,141.5,135.1,134.9,146.4,136.3,131.8,NA,140,134,NA,NA,140.8,139.3,144.1,132.1,NA,137.6,138.8,134.5,133,149.6,142.5,134.3,137.1
Urban,2018,March,139.4,NA,137.1,NA,137.6,NA,134.5,132.5,134,136.4,138.5,146,144.3,138.7,134.3,139.8,133.2,130,NA,136.1,132.7,NA,NA,142.3,138,144,132.6,NA,138.3,140.3,135,131.6,134.2,142.5,131.9,141.4
Rural+Urban,2018,March,143.4,NA,147.3,NA,148.1,NA,148.9,148.6,141.9,141.9,148.3,147.9,147.6,147.2,144.3,117.5,175.2,146,NA,150.1,140,NA,NA,147.8,NA,150.3,143.5,NA,152,137.6,136.8,128.8,142.9,142.6,138.9,149.6
Rural,2018,April,139.7,NA,135.6,NA,137.6,NA,139.7,132.1,133.5,138.6,137.8,139,141.1,132.7,134,151.5,136.3,131.9,NA,137.9,133.2,NA,NA,138.9,138.3,142.8,131.3,NA,138.2,138.5,130.8,131.9,149,142.6,130.6,136.4
Urban,2018,April,139.5,NA,135.9,NA,137.3,NA,139.5,132.7,133.7,138.2,138,139.3,141.5,133,133.8,153.5,136,132.3,NA,137.9,132.9,NA,NA,139,138.2,143.5,130.6,NA,138.8,137.8,130.8,131.3,148.2,142.7,130.5,136.1
Rural+Urban,2018,April,143.6,NA,145.1,NA,141.7,NA,136.1,139.3,138.1,138.2,142.9,150.4,151.2,141,139.7,137.6,139.5,142.2,NA,147.2,139.3,NA,NA,145.8,NA,152.1,135.5,NA,143.3,139.2,144.6,133.2,137.9,142.9,137.2,143.8
Rural,2018,May,140.8,NA,133.6,NA,142.4,NA,146.9,140.5,135.5,137.8,141.3,139.2,139.7,132.3,141.2,148.6,137.2,134.8,NA,139.5,134.6,NA,NA,137.8,138.4,142.2,131.4,NA,135.8,139.4,141.3,138.3,164,143.4,136,138.7
Urban,2018,May,141.1,NA,137.5,NA,138.5,NA,140.7,134.2,134.6,138.3,139.4,140.6,143.7,134.1,135.3,155.3,136.3,132.6,NA,139.8,134,NA,NA,140.7,139.6,143.7,131.7,NA,140.2,139.8,132.2,131.8,150.1,143.5,131.8,137.8
Rural+Urban,2018,May,141.1,NA,137.4,NA,138.5,NA,140.5,134.2,134.5,138.2,139.4,140.7,143.5,133.9,135.3,155.3,136.1,132.6,NA,139.8,134,NA,NA,140.8,139.6,144.1,131.7,NA,140.2,139.8,132.2,131.8,150.1,143.5,133.3,137.8
Rural,2018,June,139.9,NA,137.7,NA,137.6,NA,134.7,133.1,134.6,136.7,139.3,146.3,145.7,139.5,134.8,141.5,133.4,130.1,NA,136.3,132.2,NA,NA,142.1,139.1,143.5,132.7,NA,139.2,140.6,135.1,132.4,133.8,143.7,132.8,142.1
Urban,2018,June,141.3,NA,138,NA,140.1,NA,141,135.5,136,138.2,140.6,141.6,144.7,135.4,136.1,155.3,137.1,132.9,NA,140.5,135.3,NA,NA,141.7,140.1,144.8,132.2,NA,140.3,140.5,133.7,133.4,150.2,144.4,134.6,139.5
Rural+Urban,2018,June,143,NA,134.9,NA,143.1,NA,146.7,139.9,135.5,138.5,143.1,140,140.4,133.1,142.5,150.6,137.7,136.2,NA,141.3,135.1,NA,NA,139,139.8,143.9,130.8,NA,136.9,139.3,140.8,137.8,164.2,144.9,132.9,140.1
Rural,2018,July,140.3,NA,138.8,NA,138.5,NA,135.6,134.2,135.5,137.9,140.3,147.3,146.6,140.6,135.3,143,133.3,131.4,NA,137.7,133,NA,NA,143,139.8,144.3,134.5,NA,141.3,139.9,136,133.5,135.9,144.9,133.4,142.9
Urban,2018,July,142.7,NA,139.2,NA,142.1,NA,141.1,136.8,137.2,138.9,143.1,142.2,145.7,136.9,136.6,155.4,138.2,133.2,NA,142.5,136.6,NA,NA,142.3,141.6,146.3,134,NA,141.2,141.7,135,134.7,150.7,145.6,135.4,139.8
Rural+Urban,2018,July,143,NA,140,NA,143.4,NA,141.2,137.4,138,139.9,143.4,142.5,146.2,137.5,137.2,155.8,139.2,133.1,NA,143.2,137,NA,NA,142.4,141.9,147,134.4,NA,142.5,140.4,135.4,135.6,151.2,146.1,137.3,140.2
Rural,2018,August,144.6,NA,137.8,NA,140.8,NA,150.2,139.9,135.3,140.5,143.3,140.3,142.6,133.5,142,161.1,140.2,138.3,NA,141.7,137,NA,NA,140.7,142.5,144.7,133.9,NA,139.7,144.1,140.5,137.3,163.6,146.2,132,142.4
Urban,2018,August,146.1,NA,138.4,NA,142.4,NA,152.2,140.4,136.3,141.2,144.7,140.6,142.4,133.9,142.3,156.6,140,138.8,NA,142.4,137,NA,NA,141.6,142.5,144.6,133.9,NA,140.2,143.7,143.5,139.3,163.1,146.8,134.6,141.3
Rural+Urban,2018,August,146.3,NA,137.9,NA,145.1,NA,153,140.4,137.1,140.4,145.2,141.9,142.2,135,143.8,152.3,139.6,138,NA,142.9,136.6,NA,NA,141.7,142.2,145.6,132.7,NA,139.3,144.2,142.9,139.6,164.3,146.9,138.4,142.6
Rural,2018,September,142.3,NA,136.8,NA,140.3,NA,151.8,138.5,134.8,140.1,141.8,139.1,142.4,132.3,141.8,160.3,139.8,139.3,NA,140.6,136.1,NA,NA,140.1,141.6,144.1,132.8,NA,139.7,143.8,138.1,139,164.2,146.9,132.1,141.9
Urban,2018,September,140.9,NA,140.9,NA,144.4,NA,141.5,137.3,138.4,138.7,142.7,142.7,144.5,137.2,137,157.2,139.1,133.9,NA,143.4,138.1,NA,NA,141.8,142.3,149.2,134.7,NA,142.5,140.5,136.8,134,150.4,146.9,139.9,140.4
Rural+Urban,2018,September,144.4,NA,142.6,NA,142.7,NA,139.2,137.2,138.2,140.9,143.1,150.3,150,143.1,137.8,146.1,136.9,134.1,NA,141.1,135.7,NA,NA,147.2,143.8,146.7,137,NA,141.7,140.3,138.6,137,141.5,147,141.7,147
Rural,2018,October,139.7,NA,143.4,NA,139.3,NA,140.1,135.9,135.1,135.8,143,145.2,146.7,137,137.1,158,137.1,133.5,NA,140.3,138.2,NA,NA,143.5,138.5,149.2,135.5,NA,141.6,149.6,135.8,133.9,140.3,147.1,138.9,141.9
Urban,2018,October,142.1,NA,137.1,NA,139.5,NA,151.1,139.3,135.2,139.4,142,139.2,142.5,132.6,141.4,163.2,139.5,139.5,NA,140.6,135.7,NA,NA,140.6,142.4,145.2,131.5,NA,140.8,143.3,138.3,138.1,161.9,147.2,132.3,141.2
Rural+Urban,2018,October ,144.8,NA,144.6,NA,144.1,NA,140.2,138.3,139,141.5,144.3,151.1,150.1,144.5,138.9,147.3,139.4,134.8,NA,142.2,136.7,NA,NA,148,144.7,147.7,138.6,NA,142.5,142,138.7,137,142.2,147.2,139.1,147.4
Rural,2018,November,139.7,NA,142.7,NA,138.8,NA,139.2,135.3,134.2,135.5,142.2,145.8,147.8,136.6,136.5,158.2,136.6,133.5,NA,138.9,137.3,NA,NA,143.4,138.2,147.7,134.9,NA,140.8,149.5,135.2,133.2,139,147.3,134.8,141.5
Urban,2018,November,142.4,NA,137.9,NA,139.4,NA,152,140,135.3,139.7,142.9,139.8,143.1,132.7,141.9,165.7,139,138.7,NA,141.3,136,NA,NA,141.3,143.1,145.7,131.4,NA,141.4,145,139,135.6,161.3,147.6,131.8,141.5
Rural+Urban,2018,November,143.9,NA,138.6,NA,140.4,NA,150.9,140.7,135.5,139.2,143.5,140.2,143.9,133.2,142.7,165,139,137.5,NA,142.7,136.5,NA,NA,142.3,144.1,145.8,132.1,NA,142.6,144.7,139.4,136.3,162.3,147.6,132,143.3
Rural,2018,December,143.2,NA,141.4,NA,141.7,NA,136,136,137.4,140.2,142.3,149.5,149.1,143.1,136.8,145.9,135.7,133.1,NA,140.1,135.3,NA,NA,146.1,142.9,145.8,137.8,NA,142.6,140.5,138.7,136.1,140.8,147.6,141.3,145.8
Urban,2018,December,140.2,NA,142.8,NA,138.5,NA,139.7,135.6,134.2,135.7,141.6,145.8,148.9,137.2,137,159.6,136.6,133.7,NA,139,136.7,NA,NA,143.3,138.7,147.7,135,NA,141,149.4,135.3,134.5,139,147.9,135.6,141.8
Rural+Urban,2018,December,140.3,NA,142.9,NA,138.5,NA,140.5,136.2,135.1,136.3,142.1,146.5,149.3,137.7,137.4,161.4,136.1,134.6,NA,139.6,137.1,NA,NA,143.9,139.1,148.5,136,NA,142.4,149.7,136.2,135.7,139.3,147.9,136.8,142.4
Rural,2019,January,144.1,NA,139.6,NA,142.1,NA,150.3,141.6,136.6,138.9,144.7,141.3,145.3,134.7,143.2,165,140,137.8,NA,143.7,137.7,NA,NA,143.2,144.8,146.4,132.8,NA,143,144.8,141,135.9,162.1,148.2,133.8,144.9
Urban,2019,January,138.8,NA,142.3,NA,142.5,NA,141.5,137,137,136.1,143.4,144.3,145.3,137.7,137.8,157.3,138.1,133.7,NA,143.1,137.8,NA,NA,142.8,142.3,148.9,136.5,NA,142.6,144.9,136.9,135.4,145.4,148.4,140.5,141.5
Rural+Urban,2019,January,145.4,NA,140.9,NA,143.9,NA,150.1,142.3,138.6,139.6,147.3,141.8,146.4,135.9,143.9,164.8,141,137.8,NA,145.5,139.4,NA,NA,144,146.3,147.8,134.5,NA,144.3,147.1,143.2,139.9,163.1,149.4,137.2,145.8
Rural,2019,February,140.3,NA,144,NA,138.5,NA,148.2,138.8,134.8,136,143.2,145.5,150.7,135.7,141.6,169.9,137.3,139.7,NA,140.4,140.5,NA,NA,145.3,138.2,150,136.9,NA,143.4,159.8,139.1,140.2,141.8,149.5,140.4,141.1
Urban,2019,February,145.5,NA,141.4,NA,146,NA,151.7,143.3,139.7,140.5,147.4,141.6,146.7,136.4,144.2,164.6,142.1,137.6,NA,145.9,140.3,NA,NA,143.9,146.6,148.2,134.7,NA,145.9,146.6,144.6,141.4,164,149.6,139,145.8
Rural+Urban,2019,February,145.4,NA,146.5,NA,144.2,NA,141.4,139.8,139.4,142.4,144.8,151.8,150.6,145.2,139.9,148.7,140.6,136.6,NA,142.6,138.1,NA,NA,148.3,145.3,149,140.1,NA,143.6,142.9,139.6,139.1,143.4,149.7,140.3,147.4
Rural,2019,March,143.9,NA,144.8,NA,142.5,NA,143.1,138.5,138.2,139.3,144,149.1,152.7,140.4,140,165.6,138,136.4,NA,143.6,139.3,NA,NA,147.7,143.5,152.8,138.4,NA,143.3,150.3,138.8,138,144.2,149.8,143.3,146.5
Urban,2019,March,139.9,NA,144.2,NA,139.5,NA,146.6,139,134.3,135.3,144.5,145.5,149.7,135.1,141,166.7,138.1,139.1,NA,140,141,NA,NA,144.9,138.4,149,136.2,NA,143.1,159,138.7,136.4,142.4,149.9,137.8,141.6
Rural+Urban,2019,March,144.2,NA,146.8,NA,143.2,NA,144,139.6,139.7,140.3,145.3,149.9,153,142.2,141.1,166,140,137.6,NA,144.9,140.4,NA,NA,148.5,144.4,155.4,140.2,NA,144.1,151.4,139,137.9,144.5,150.1,143.2,147.1
Rural,2019,May,140.4,NA,144.1,NA,139.1,NA,147.6,138.9,133.9,135.5,143,145.3,150.6,135.6,141.4,168,138,139.4,NA,140,140.3,NA,NA,145,138.2,149.2,136.4,NA,142.7,158.5,137.9,138.6,142.8,150.2,138.5,140.8
Urban,2019,May,142.1,NA,141.5,NA,147.4,NA,152.9,142.8,140.1,139.1,145.8,141.8,144.7,136.1,143.4,165.7,142,138.5,NA,145.9,141.1,NA,NA,142.7,148.2,151.1,134.9,NA,145.1,146.5,144.3,140.7,161.9,150.3,143.7,144.3
Rural+Urban,2019,May,142.1,NA,144.3,NA,140.7,NA,140.9,137.4,137,139,143,148.3,151.2,139.4,138.9,164.8,137.4,135.8,NA,142.6,138.8,NA,NA,146.4,141.7,151.1,137.7,NA,143.3,149,138.9,137.3,143,150.4,141.5,145.4
Rural,2019,June,145.9,NA,148.8,NA,144.3,NA,141.6,140.2,139.9,142.6,145.1,152.4,151.8,144.5,140.5,149.5,141,137.6,NA,142.8,139.1,NA,NA,148.5,144.8,149.9,141.5,NA,145.5,143.9,140.8,139.1,141.9,150.7,140,147.6
Urban,2019,June,139.8,NA,145,NA,140,NA,149,140.4,135.5,135.6,146,145.1,148.2,135.7,142.2,165.9,138.9,139,NA,141.9,142.2,NA,NA,144.9,139.1,150.4,136.7,NA,144.9,158.4,140.7,139.6,144.9,150.9,140.9,143
Rural+Urban,2019,June,143.9,NA,148.1,NA,142.8,NA,145.8,141.1,141.1,141.2,146.3,150.3,153.3,143.1,142.1,166.7,141.3,139.1,NA,145.6,142.2,NA,NA,148.7,144.4,156.6,141.3,NA,145.2,152.1,139.9,140.2,145.9,150.9,146.2,147.2
Rural,2019,July,143.6,NA,145.4,NA,142.3,NA,149.4,140.3,138.2,139,144.6,147.8,154.1,138.5,144.5,174.7,138.5,140.1,NA,144.6,142.3,NA,NA,148.3,143.2,154.9,139.3,NA,144.7,160.6,142.9,140,146.2,151.3,144.9,145.1
Urban,2019,July,139.7,NA,144,NA,140.6,NA,142.3,137.4,137,135.5,142.5,145.2,146.5,137.8,137.4,158.3,137,133.7,NA,141,138.5,NA,NA,143.8,139.7,148.5,137.1,NA,143.1,151.1,136.6,134.4,141.7,151.4,138.6,142.5
Rural+Urban,2019,July,143.1,NA,148.5,NA,141.9,NA,152.7,142.8,142.6,140.9,147.3,148.6,154.8,141.7,146.4,175.1,141.6,143.1,NA,146.7,145.5,NA,NA,149.2,143.3,159.2,142,NA,146.7,161.6,144.2,142.4,147.7,151.5,152.4,146.7
Rural,2019,August,143.9,NA,147.4,NA,142.6,NA,149.9,141.4,140.4,140,145.9,148.6,154.6,140.6,145.5,174.6,140.2,141.9,NA,146,143.4,NA,NA,149.1,144.1,158.1,141.2,NA,145.5,161.1,143.9,139.8,146.1,151.7,147.4,146.2
Urban,2019,August,144.4,NA,150.3,NA,143.4,NA,145.9,141.6,142.1,142.2,146.8,151,154.6,143.7,142.6,168.4,141.2,140.4,NA,146.1,143.6,NA,NA,149.1,144.6,157.2,142.4,NA,146.7,154,141.1,140.8,145.7,151.8,147.5,147.9
Rural+Urban,2019,August,141.5,NA,145,NA,140,NA,148.6,139.3,136.7,138.7,143.4,146.9,152.3,136.8,143.1,173.5,138.1,140,NA,143.6,141.6,NA,NA,146.8,140.2,153,137.7,NA,143.9,157.8,142.2,139.7,144.5,151.9,141.7,144.1
Rural,2019,September,138.5,NA,143.5,NA,144.2,NA,153,142.4,137.7,135.7,146.4,143.4,145.8,135.8,143.5,165.5,140.4,139.6,NA,145.4,139.9,NA,NA,143.9,147.1,150.2,137.2,NA,145.3,152.7,141.9,142.4,152.9,152.1,141.3,144.6
Urban,2019,September,143.5,NA,150.7,NA,142.8,NA,152.6,143.4,144.1,142.1,147.9,149.3,156.1,143.2,146.7,177.2,141.3,144.7,NA,147.4,147.3,NA,NA,149.9,144.4,159.7,142.9,NA,147.7,164.5,146.6,144.2,148.5,152.4,155.3,148.7
Rural+Urban,2019,September,147.1,NA,149.4,NA,145.5,NA,142,140.9,141.2,145.5,146.7,153.3,152.4,145.5,142,150.2,142.3,138.3,NA,144.5,140.4,NA,NA,150.1,145.9,152.2,143.2,NA,146.9,146.7,141.7,140.4,142.9,152.7,147.2,148.6
Rural,2019,October,145.6,NA,151.2,NA,145.3,NA,146.3,142.5,143.4,143.7,148.8,152,155.1,145.6,144,169.9,141.1,141.3,NA,147.9,144.9,NA,NA,150.5,145.6,158.3,144.3,NA,148.7,156,142.1,142.3,148.4,153.9,151.4,149
Urban,2019,October,149.2,NA,149.9,NA,146.5,NA,143.9,141.2,141.4,143.9,148.1,154.3,153.6,146.9,142.7,152.2,142.4,139.2,NA,146.4,140.9,NA,NA,152.2,147.8,154.8,144.3,NA,148.7,148.6,143.4,140.4,142.5,154.1,149.1,151.1
Rural+Urban,2019,October,150.2,NA,150.5,NA,146.3,NA,147.5,141.4,143.3,147,149.4,155.5,155,147.5,142.7,152.7,143.6,140.1,NA,147.1,143,NA,NA,154.5,150.8,155,141.3,NA,150.2,147.5,144.2,141.7,144,154.4,143.9,153.1
Rural,2019,November,149.2,NA,148.1,NA,152.8,NA,153.7,158.8,149.6,NA,150.8,158.1,148.8,156.4,153.3,154.9,150.3,149.1,NA,144.8,160.4,NA,NA,150.2,157.7,167.7,151.1,NA,147.7,157.8,152.6,157.2,156.1,154.5,146.3,158.3
Urban,2019,November,144.8,NA,151.7,NA,145.2,NA,153.2,144.6,145.4,143.3,150.1,150.5,156.5,145.6,147.9,179,140.6,146.1,NA,149.2,148.5,NA,NA,151.1,145.2,160.4,144.9,NA,150.4,165.6,148.3,146,152.3,154.6,155.8,150.3
Rural+Urban,2019,November,150.4,NA,150.7,NA,146.8,NA,147.5,142,143.1,145.7,149.9,155.1,154.9,147.4,143.5,153.4,143.5,140,NA,147.8,142.4,NA,NA,155.3,151.4,156.6,143.8,NA,149.6,147.9,145.8,142,142.8,154.8,149.1,153.4
Rural,2019,December,149.7,NA,150.4,NA,145,NA,147.7,140.3,142.6,146.6,146.9,155,154.5,147.4,142.6,152.7,143,140,NA,145.8,142.5,NA,NA,152.8,150.6,153.8,142.6,NA,150.9,147.1,143,140.3,143.2,154.8,142.6,152.1
Urban,2019,December,148,NA,146.7,NA,151,NA,150,156.5,144.1,NA,149,158.2,146.3,152.4,151,151.6,148.8,146.6,NA,142.5,157,NA,NA,151.4,NA,NA,148.9,NA,NA,157.7,149.5,156.9,154.4,154.8,144.4,155.7
Rural+Urban,2019,December,148,NA,146.7,NA,151,NA,150,156.5,144.1,NA,149,158.2,146.3,152.4,151,151.6,148.8,146.6,NA,142.5,157,NA,NA,151.4,NA,NA,148.9,NA,NA,157.7,149.5,156.9,154.4,154.8,144.4,155.7
Rural,2020,January,151.6,NA,151.2,NA,152.5,NA,159.4,159.1,149.6,160.2,156.8,157.7,147.9,160.8,152.5,153.2,151.3,150.9,NA,148.6,162.5,NA,NA,154.5,157.9,178.5,153.1,NA,151.7,161.9,151.5,169.1,155.9,154.9,146.7,158.8
Urban,2020,January,153.5,NA,156.1,NA,153.6,NA,169.2,158.9,150.8,161.8,159.5,158.3,145.3,164.6,153.2,152.6,155,154.5,NA,152.8,162.7,NA,NA,156.6,158.3,185.8,155.2,NA,167.8,170.4,153.3,171.7,156.5,155,152.7,159.1
Rural+Urban,2020,January,153,NA,156,NA,152.3,NA,165.2,159.6,149.8,160.2,159.1,157.3,146.1,162.9,152.1,152,151.8,154.4,NA,151.6,163,NA,NA,157.6,158.3,183.5,154.4,NA,154.7,166.1,151.3,173.2,155.6,155.1,153.1,159
Rural,2020,February,152.5,NA,152.4,NA,153.7,NA,164.7,159.2,150.6,161.8,157.5,159,144,161.6,153.9,153.8,153.9,151.6,NA,149.8,162.4,NA,NA,152.7,157.9,180.6,154.2,NA,162,163.7,153.2,168.4,156.5,155.1,147.5,159.5
Urban,2020,February,147.5,NA,152.1,NA,146.4,NA,148.6,143.1,143.5,143.2,151,153.2,156.6,146.9,145.1,170.8,142.3,142,NA,151.2,145.5,NA,NA,152.9,148,159.8,145.1,NA,150.7,158.2,143.6,141.9,148.8,155.2,152.8,151.8
Rural+Urban,2020,February,150.8,NA,150.1,NA,154,NA,160.3,159.4,150.6,NA,152.4,159.8,143.4,155.3,155.1,155.4,151.5,150.2,NA,146.1,161.4,NA,NA,147.2,157.8,169.4,152.5,NA,154.1,157.2,152.9,158.9,156.5,155.3,147.2,160.1
Rural,2020,March,150.4,NA,150.5,NA,149.8,NA,158.7,157.5,144.3,158.8,153.9,155.7,145.7,158.8,149.6,150.1,149.8,148.8,NA,146.4,163.2,NA,NA,154.3,NA,NA,150.1,NA,NA,161.2,149.1,166.5,154.7,155.4,144.8,157.7
Urban,2020,March,150.4,NA,150.5,NA,149.8,NA,158.7,157.5,144.3,158.8,153.9,155.7,145.7,158.8,149.6,150.1,149.8,148.8,NA,146.4,163.2,NA,NA,154.3,NA,NA,150.1,NA,NA,161.2,149.1,166.5,154.7,155.4,144.8,157.7
Rural+Urban,2020,March,151.8,NA,156.5,NA,149.2,NA,167.8,158.9,148.3,158.8,155.8,153.4,144.4,161.9,148.8,149.1,150.3,153.1,NA,149.5,164.8,NA,NA,156.4,NA,NA,150.9,NA,NA,164.8,149,169.8,155,155.7,150.6,158.8
Rural,2020,April,151.8,NA,156.5,NA,149.2,NA,167.8,158.9,148.3,158.8,155.8,153.4,144.4,161.9,148.8,149.1,150.3,153.1,NA,149.5,164.8,NA,NA,156.4,NA,NA,150.9,NA,NA,164.8,149,169.8,155,155.7,150.6,158.8
Urban,2020,April,146.5,NA,152.7,NA,146.3,NA,156.1,145.6,145.4,143.1,152.8,151.9,158.2,146.9,149.8,179.4,142.3,146.5,NA,153.1,149.2,NA,NA,153.8,148.2,161.5,145.6,NA,152.4,168.1,146.6,144.8,153.4,155.8,156.6,153.9
Rural+Urban,2020,April,147.8,NA,152.1,NA,144.9,NA,151.8,142.2,144.4,144.4,150.5,154.1,158.1,146.5,144.9,169.7,143,143.5,NA,150.3,147,NA,NA,153.9,151.1,157.3,145,NA,152.4,157.1,143.4,141.6,148.8,156.4,151.1,152.6
Rural,2020,May,139.6,NA,145.3,NA,141,NA,155,143.4,137.7,135.1,144.8,145.4,147.4,135.8,142,166.1,138.6,139,NA,142.5,141.5,NA,NA,144.7,140.2,149.6,137.6,NA,146.5,163.6,140.5,140.5,147.2,156.7,137.4,144.6
Urban,2020,May,148.9,NA,153.4,NA,146.5,NA,152.4,143.3,145.7,144.9,152.1,154.9,158.6,147.3,145.5,171.8,144.1,143.3,NA,152.4,147.9,NA,NA,155.6,151.4,158.4,145.4,NA,153.3,157.5,144.7,142.9,149.9,156.8,152,153.7
Rural+Urban,2020,May,150.1,NA,154,NA,146.7,NA,152.2,144.3,145.2,144.6,153.3,154.7,158.3,147.9,146.1,172,144.2,143,NA,153.5,147.9,NA,NA,156,151.5,162,146.4,NA,152.6,157.8,146.2,143.3,148.8,156.9,154.6,154.3
Rural,2020,June,155.2,NA,156.6,NA,154.8,NA,168.2,160.7,151.8,162.9,162.4,162.3,143.2,165.8,154.9,154.2,154.9,155.7,NA,155.1,163.6,NA,NA,159.5,160.9,184.1,159,NA,164.8,170.6,156.4,176,160,157.2,155.7,160.6
Urban,2020,June,146.7,NA,152.6,NA,144.8,NA,158.4,144.6,146,143.9,152.8,153,160,145.9,149.6,177.6,143,149,NA,152.1,150.7,NA,NA,155.6,151.8,158.5,146.4,NA,153.7,167.4,150.4,144.1,152.9,157.3,160,154
Rural+Urban,2020,June,154.2,NA,153.1,NA,154.9,NA,163.3,160.6,151.3,162.9,160.3,162,144.4,162.7,155.3,155.2,154.2,152.4,NA,151.8,163.4,NA,NA,155.1,159.1,180,157.5,NA,158.8,164.3,156.6,172.1,158.4,157.3,148.5,161.1
Rural,2020,July,152.6,NA,150.8,NA,155.2,NA,158.6,160.5,151.3,NA,155,161.7,145,156.4,156,156.6,152.8,150.7,NA,147.7,162.5,NA,NA,149.1,158.5,171.3,155.1,NA,150.7,158.2,158,160.7,157,157.5,148.1,161.9
Urban,2020,July,150,NA,154.8,NA,146.7,NA,159.7,147.2,147,144.3,155.4,154.2,160.2,148.2,151.4,180.6,144.5,147.7,NA,155.7,152.3,NA,NA,156.9,151.7,163.9,147.9,NA,155.2,168,153.5,146,153.2,158,160.4,157
Rural+Urban,2020,July,148.2,NA,154.1,NA,146.6,NA,160.1,145.7,147.8,144.4,153.8,154.1,160.6,147.1,151,180.7,144.3,148.3,NA,154.4,151.9,NA,NA,157.1,152.1,159.6,147.8,NA,156,167.9,152.6,145.3,154.1,158.1,160.5,155.6
Rural,2020,August,154.9,168.2,153,166.3,157.3,172.5,171.4,153,153.9,162.3,166.9,153.4,162.7,182.9,157.6,160,151.1,152.5,157.4,153.7,157.1,143.1,161.2,172.2,159.2,151,153.9,166.2,160.5,154.6,152.5,171,160.7,159.7,164.6,152
Urban,2020,August,157.2,NA,157.4,NA,156.3,NA,172.6,162.9,152.1,164,165.7,165.8,146.4,167.8,157.1,156.4,154.9,157.8,NA,156.5,165.7,NA,NA,160.9,164.6,183.5,160.3,NA,165.9,170.8,160.6,177.5,162.7,160,157.5,163.5
Rural+Urban,2020,August,156.3,NA,154.9,NA,156,NA,166.9,162.5,151.2,164,162.8,164.8,146.9,164.5,157.5,157.1,154.4,154,NA,153.2,165.3,NA,NA,156.1,161.8,179.8,158.7,NA,160,166.5,160.8,173.6,160.6,160.2,150.4,163.5
Rural,2020,September,154.7,NA,153.3,NA,155.5,NA,161.3,162.3,151.1,NA,155.3,163.7,147.2,157.7,158.1,158,153.2,152.1,NA,149.1,164,NA,NA,149.4,160.8,171.9,156.2,NA,152,162.4,161.7,162.4,158.8,160.5,150,163.5
Urban,2020,September,160.8,165.3,165,162.4,161,152.4,161.6,155.8,153.5,151.7,163.1,160.8,166.8,156.4,159.1,184.6,155.5,158.8,167.5,166.8,156.7,156.4,168.6,163.8,164,178.9,158.2,157.5,167.2,173.8,157.1,146.9,163.4,160.8,171.7,164.7
Rural+Urban,2020,September,149.8,155.1,158.1,163.8,151.8,156.2,160.5,154.5,151.3,--,163.9,154.3,161,168.5,155.2,158.1,155.5,147.5,149.3,158.9,159.2,150.3,155.3,163.8,161.9,150.3,154.4,165.4,165,154.8,158.6,158.1,154.5,162.6,165.2,157.4
Rural,2020,October,149.8,155.1,158.1,163.8,151.8,156.2,160.5,154.5,151.3,152.2,163.9,154.3,161,168.5,155.2,158.1,155.5,147.5,149.3,158.9,159.2,150.3,155.3,163.8,161.9,150.3,154.4,165.4,165,154.8,158.6,158.1,154.5,162.6,165.2,157.4
Urban,2020,October,161.4,NA,162.3,160.4,155.3,147.9,156.8,148.8,150,154.5,159,162.7,162.3,157.9,151.1,175.7,155.5,156.1,157,156,148.1,154.5,159.4,163.4,158.9,166,156.6,153.6,160.6,160.3,148.4,144.4,155.6,163.6,162.4,163.1
Rural+Urban,2020,October,161,NA,160.8,157.8,153.7,149.8,157,147.6,149.3,154.2,156.8,162.9,162.3,157.6,151,173.6,155,154.1,158.2,154.6,147.9,153.9,158.7,164,158.6,163.9,155.9,152.3,160.6,158.2,147.5,148.4,155.4,164.1,157.8,163
Rural,2020,November,160.8,164.5,162.5,158.7,154.9,149.9,158.1,150.6,150.5,151.5,159.3,161.4,164.4,156.1,153.2,180.5,157.2,157.5,164.3,161,152.2,154.6,165.7,163.4,161.3,173.5,155.5,154.4,161.7,167.3,148.9,143.9,160.1,164.7,167.4,163.7
Urban,2020,November,160.2,163.7,160.2,154.1,154.9,149.9,157.7,149.6,149.4,150.4,155.1,161.3,165,154.9,153.1,178.5,155.3,156.5,164.8,158.5,151.5,153.7,165.4,163.8,160.6,172.1,153.5,152.5,160.4,164.3,147.9,145.8,158.6,164.7,165.2,163.5
Rural+Urban,2020,November,161.3,NA,164.3,162.2,156.2,150.5,155.3,149.8,150.9,155.4,161.3,162.9,162.3,158.9,151.9,176.1,154.3,155.3,154.9,156.4,149,154.7,159.7,163,159.4,167,158.5,155.8,162.9,161.6,149.9,147.3,155.2,164.8,164.3,162.2
Rural,2020,December,161,165.3,164.9,162.4,159.1,150.6,157.7,152.4,152.3,152.4,162.4,161.9,165.2,157.4,154.3,181.9,155.1,156.7,162.1,163.9,153.3,155.8,165.7,163.3,161.5,175.8,158.3,156.9,165.2,167.6,150.3,147.2,160,164.8,167.9,162.8
Urban,2020,December,159.8,163.7,160.1,153.5,155.6,152.4,158.8,152.1,149.5,149.5,154,159.5,166.5,153,157.2,180.7,155.4,160.2,169.6,160,154.5,153.6,168.7,163.5,163,175,152.1,154.2,160.2,170.7,155.4,140.5,160.9,165.1,173,164.9
Rural+Urban,2020,December,160.5,164.5,162.5,158.4,158.9,152.3,160.2,153,150.9,150.8,159.5,159.8,165.6,154.9,157.4,182.7,158,159.6,169.7,163,155.6,154.6,168.7,163.3,164.3,176.1,154.9,154.9,162.6,174.6,156.4,143,163.3,165.3,172.6,165.3
Rural,2021,January,160.6,162.5,158.8,152.5,155.5,154.6,161.5,153.9,152.2,152.2,152.7,161.5,168.1,155.1,158.5,184.4,153.1,161.3,170.3,157.9,155.6,153.7,171.9,165,164.7,172.1,153.2,155.9,159.6,172.9,157,144,163.7,166.5,167.4,166.6
Urban,2021,January,161.7,162.5,159.3,153.4,156,152,159.8,151.2,152,152.9,155.2,164.2,167.3,157.2,154.9,179.2,153.8,0.1,165.2,157.2,153.3,154,167.8,165.8,163,170.2,154.9,156.5,161.1,164.9,151.9,149.1,161.9,166.8,163.9,165.4
Rural+Urban,2021,January,163.5,NA,161,158.8,156.7,151.8,158.8,149.1,151.7,156,159.3,166.6,165.7,160.2,153.1,168.1,155.3,156,158.2,155.4,150.5,154.6,159.2,166.4,161.6,164.6,157.9,157.6,162.8,157.1,151.6,151.7,159.5,167.3,160.5,165
Rural,2021,February,165.1,NA,164.2,159,158.8,154.5,159.7,150.7,153.5,158.5,159.5,168.4,168,165,153,170.3,158.5,157.9,158.2,156,151.9,155.9,160,168,163,165.2,159.6,161.2,165.3,161.5,151.2,154.7,162.9,168.2,162.3,164.8
Urban,2021,February,163.8,167.6,162.8,155.8,158.7,154.5,161.5,153.7,154.5,154.4,157.2,166.9,170.3,161.9,156.1,183.4,158.6,160,165.2,160.7,155.9,156.2,169.1,167.8,165.1,174.6,158.3,159,164.4,167,151.5,152.1,165.4,169.2,166.3,165.3
Rural+Urban,2021,February,163.1,167.6,162.4,155.3,158.7,154.1,164.4,157.5,155.3,153.5,155.7,165.2,171.5,159.8,162.4,189.4,158.7,163.4,170.4,162.5,159.2,156.4,173.5,167.4,167.7,177.9,157.5,157.7,163.6,172.6,155.9,147,167.2,169.7,170.4,166.6
Rural,2021,March,NA,NA,NA,NA,NA,NA,NA,NA,NA,NA,NA,NA,NA,NA,NA,NA,NA,NA,NA,NA,NA,NA,NA,NA,NA,NA,NA,NA,NA,NA,NA,NA,NA,NA,NA,NA
Urban,2021,March,NA,NA,NA,NA,NA,NA,NA,NA,NA,NA,NA,NA,NA,NA,NA,NA,NA,NA,NA,NA,NA,NA,NA,NA,NA,NA,NA,NA,NA,NA,NA,NA,NA,NA,NA,NA
Rural+Urban,2021,March,NA,NA,NA,NA,NA,NA,NA,NA,NA,NA,NA,NA,NA,NA,NA,NA,NA,NA,NA,NA,NA,NA,NA,NA,NA,NA,NA,NA,NA,NA,NA,NA,NA,NA,NA,NA
Rural,2021,April,NA,NA,NA,NA,NA,NA,NA,NA,NA,NA,NA,NA,NA,NA,NA,NA,NA,NA,NA,NA,NA,NA,NA,NA,NA,NA,NA,NA,NA,NA,NA,NA,NA,NA,NA,NA
Urban,2021,April,NA,NA,NA,NA,NA,NA,NA,NA,NA,NA,NA,NA,NA,NA,NA,NA,NA,NA,NA,NA,NA,NA,NA,NA,NA,NA,NA,NA,NA,NA,NA,NA,NA,NA,NA,NA
Rural+Urban,2021,April,NA,NA,NA,NA,NA,NA,NA,NA,NA,NA,NA,NA,NA,NA,NA,NA,NA,NA,NA,NA,NA,NA,NA,NA,NA,NA,NA,NA,NA,NA,NA,NA,NA,NA,NA,NA
Rural,2021,May,NA,NA,NA,NA,NA,NA,NA,NA,NA,NA,NA,NA,NA,NA,NA,NA,NA,NA,NA,NA,NA,NA,NA,NA,NA,NA,NA,NA,NA,NA,NA,NA,NA,NA,NA,NA
Urban,2021,May,NA,NA,NA,NA,NA,NA,NA,NA,NA,NA,NA,NA,NA,NA,NA,NA,NA,NA,NA,NA,NA,NA,NA,NA,NA,NA,NA,NA,NA,NA,NA,NA,NA,NA,NA,NA
Rural+Urban,2021,May,NA,NA,NA,NA,NA,NA,NA,NA,NA,NA,NA,NA,NA,NA,NA,NA,NA,NA,NA,NA,NA,NA,NA,NA,NA,NA,NA,NA,NA,NA,NA,NA,NA,NA,NA,NA
Rural,2021,June,164.1,168.9,164.6,157.6,159.4,155.4,167,158.4,155.4,154.2,156.5,166.5,171.1,161.1,163.8,187.6,158,163.8,173.2,162.6,159,156.4,174.3,168.9,169.2,177.8,158.6,156.9,166,176.2,157.1,150.5,168.9,169.9,174.8,164.5
Urban,2021,June,165.2,NA,164.2,161.7,158.4,154.1,161,151.7,153.8,159.2,163.1,168.7,167.9,163.5,155.2,171.3,158.4,158.5,158,156.4,151.5,157.2,161.7,169.5,163.6,166,160,160.9,166.2,162.7,151.5,155.7,162.8,168.4,162.3,167
Rural+Urban,2021,June,164.5,168.9,164.5,158.2,159,154.2,163.3,154.6,154.7,155.1,159,167.7,170,162.1,158.1,182.4,158.1,160.6,166.7,160.9,155.6,156.7,170.2,169.3,166.1,174.8,159.1,158.4,166.1,169.3,151.8,154,166.3,169.4,168.4,166.4
Rural,2021,July,164.8,170,165.7,158.7,160.6,156.6,170.2,158.7,157.8,156.3,159.1,166.5,170.6,162.1,164.5,189.5,156.3,163.6,173.5,164.5,160.9,158.9,175.2,169,170.6,177.5,160.4,159.2,166,175.8,161.9,150.8,167.9,171.7,178.7,167.3
Urban,2021,July,166.1,NA,165.8,163.8,160,157.5,161.8,152.8,156.2,161.2,164.7,170.7,168.3,165.1,155.9,172,162.3,158.1,159.9,159.4,153.9,158.3,162.8,169.8,165.6,166.8,162.1,162.4,167.2,163.6,153.8,156.6,162.7,169.9,161.9,168.8
Rural+Urban,2021,July,165.3,170,165.7,159.4,160.4,157.5,165.1,155.4,157.1,157.2,161.2,168.8,169.8,163.3,158.8,184,158.2,160.2,167.7,163.1,157.8,158.7,171.2,169.5,167.9,174.7,161,160.4,166.6,169.6,154.3,154.7,165.7,171.1,170.1,168.4
Rural,2021,August,165.8,171.6,166.9,159.2,161.4,156.8,170.5,158.8,159.4,156.8,159.7,166.3,170,162.4,164.5,190,156.1,164.2,175.3,164,162.1,159.6,175.6,168.7,172,176.7,160.9,159.5,166.2,178,162.8,150.7,165,172.1,180.6,167.9
Urban,2021,August,166.8,NA,166,165.4,160.3,158.6,161.6,153.2,156.7,161.6,165.2,170.8,168.9,165.2,156.3,173.2,162.9,160.9,160.5,159.2,154.3,159.2,163.9,169.4,166.4,166.8,162.4,162.6,167.2,164.7,154.6,156.9,161,171,160.4,169.7
Rural+Urban,2021,August,166.2,171.6,166.7,160.1,161,158.5,165,155.6,158.1,157.7,161.8,168.7,169.6,163.6,159,184.7,158.2,162.2,169,162.7,158.6,159.5,171.8,169.1,168.9,174.1,161.4,160.7,166.7,171.2,155.1,154.8,163.3,171.7,170.3,169.2
Rural,2021,September,165.5,172.5,168.3,160.8,161.5,157,168.2,158.9,160,158.1,160.1,166.1,169.8,162,164.7,187.1,155.8,164.5,174.7,163.6,162.6,160.1,179,168.7,172.9,177.8,161.2,159.7,167.2,179.8,164.6,150.7,165.8,173.7,180.1,169.6
Urban,2021,September,167.4,NA,166.7,165.7,161.3,158.8,161.7,153.7,156.8,161.4,165.2,170.8,167.9,164.5,156.7,172.4,162.3,161.5,159.9,159.8,154.4,159,165.9,169.1,166.8,166.8,162.6,162.9,167.6,166.7,155.1,158.3,160.9,171.7,158.5,168.4
Rural+Urban,2021,September,166.2,172.5,168,161.5,161.4,158.7,164.2,156,158.5,158.7,162,168.6,169.1,163,159.4,182.4,157.8,162.7,168.4,162.5,158.9,159.7,174.7,168.9,169.6,175,161.7,160.9,167.4,173.1,155.6,155.8,163.7,173,169.1,168.7
Rural,2021,October,166.8,173.1,170.8,163.6,163.8,158,168.1,161.5,161.8,160.1,162.5,167,170.5,164.5,167.3,186.9,156.8,165.4,176,166.8,164.8,162.3,181.1,169.6,174.2,182.7,164.6,162.2,171.1,181,167.6,153.7,169.6,175.5,177,171.6
Urban,2021,October,169.4,NA,168.2,168.9,163.7,160.6,161.7,156.1,158.8,163.7,168.9,172.6,169.8,166.9,159.3,172.1,162.5,163.2,160.8,162.9,157.2,161.1,167.7,170.9,168.8,169.9,164.5,165.7,171,167.5,157.3,162.1,164.3,173.9,159.3,170.1
Rural+Urban,2021,October,167.8,173.1,170.3,164.4,163.8,160.5,164.2,158.4,160.4,160.8,164.9,170,170.3,165.5,162,182.2,158.6,164.1,169.5,165.7,161.4,161.9,176.7,170.4,171.2,179.4,164.6,163.5,171.1,174.1,157.9,159.3,167.4,174.9,168,170.5
Rural,2021,November,168.9,173.8,171.7,166.1,166.1,159.5,166.2,162.4,163.5,161,164.7,168,171.5,166,168.1,187.2,158.3,165.6,176.7,168.6,162.6,163.3,182.5,172.1,174.8,185,166,163.5,172.5,183.9,169.8,153.8,170.4,176.8,178,174
Urban,2021,November,3.64,0.06,0.79,1.62,1.22,5.64,0.25,6.82,3.35,0.26,1.39,6.81,3.46,3.97,18.86,0.12,0.15,0.13,0.12,1.31,3.09,4.23,0.03,9.2,4.41,0.14,9.54,0.73,7.2,0.07,0.34,0.04,0.02,0.72,0.01,0.27
Rural+Urban,2021,November,169.6,173.8,171.1,166.8,165.6,161.2,163.3,158.8,161.5,161.7,166.6,171.1,171.1,167.1,162.6,182.7,159.6,164.9,170.7,167.3,159.1,163.1,178.5,172.8,172.3,181.4,166.1,165,172.2,176.7,158.7,159.1,167.7,176.5,169.1,171.3
Rural,2021,December,169.2,172.9,170.2,164.3,165.5,159.6,165.9,161.9,162.5,158.9,164.1,168.9,172.9,164.3,167.8,186.9,159,167.1,177.7,168.1,161.3,162.5,182.3,173.9,173.8,184.6,164.1,162.9,171.9,188.1,169.4,154.7,171.7,176.3,176,173.6
Urban,2021,December,171.6,NA,166.9,169.3,163.7,157.7,161.8,156.2,158.3,164.7,168.1,174.3,171,166.8,160.6,172.6,162.4,164.2,163.2,162.9,153.1,162.5,170.4,174.4,169.6,171.6,164.6,163.8,170.5,169.8,156.5,162.1,164.6,173.8,163.3,172.2
Rural+Urban,2021,December,170.1,172.9,169.5,165,164.8,157.8,163.4,158.7,160.5,160,165.6,171.8,172.2,165.3,163,182.4,160.1,165.3,171.5,166.6,157.6,162.5,178.4,174.2,171.5,181.2,164.3,163.2,171.2,178.8,157.2,159.6,168.7,175.4,169.5,172.6
Rural,2022,January,167.3,174.1,169.4,162.1,164.3,159.6,167.3,162.1,161.8,159.8,163.3,168.2,172.9,163.7,167.6,183.9,158.8,170.3,177.6,167.2,161.4,162.4,182.4,172.8,174,182.1,163.1,163,172.4,184.9,167,154.1,171.4,176.6,176.6,173
Urban,2022,January,170.3,NA,167,167.6,162.7,159.1,162,155.7,158.3,163.7,167,174,171,166.7,160.7,171.6,162.7,164,163.6,162,153.1,162.3,169.3,172.9,169.3,170.8,165,163.9,171.1,168.1,156.2,160.1,164.4,174.4,157.7,170.7
Rural+Urban,2022,January,168.4,174.1,168.9,162.9,163.7,159.1,164.1,158.5,160.2,160.5,164.7,171.3,172.2,164.9,163,180,160,166.5,171.6,165.7,157.7,162.4,178.1,172.9,171.4,179.2,163.8,163.3,171.8,176.4,156.8,158.1,168.5,175.8,166.9,171.3
Rural,2022,February,167.2,174,168.6,162,164.8,159.8,169.3,162.6,162.2,160.4,163.8,167.5,172.6,164.7,167.8,183.2,158.4,173.1,179,167.5,162.5,163.7,183.2,172.2,174.1,180.6,163.9,164,173,182.3,167,154,169.8,177.4,176.9,172.5
Urban,2022,February,170.9,NA,167.1,168,162.5,159.4,162.2,155.8,159,164.7,167.6,173.7,171.7,168,161.6,169.1,161.8,164.2,163.7,162.8,153.7,163.4,171.7,171.9,169.8,170.7,165.2,164,173.6,166,157,160.9,164.3,176.3,154.8,172.1
Rural+Urban,2022,February,168.6,174,168.3,162.9,163.9,159.4,164.9,158.8,160.7,161.2,165.3,170.8,172.3,166.1,163.7,178.7,159.5,167.7,172.5,166.2,158.6,163.6,179.4,172,171.7,178,164.4,164,173.3,174,157.6,158.6,167.5,177,165.6,172.2
Rural,2022,March,169.6,174.5,171,164.2,165.7,160.9,168.7,164.4,163.7,160.6,165,168.7,174.1,167.2,170.4,185.5,159,173.7,181.3,169.3,163.1,165.8,183.2,172.2,178,181,166.5,165.2,175.8,181.9,166.8,153.5,170.9,179.1,176.7,173.2
Urban,2022,March,173.1,NA,168,169.9,163,160.1,162.9,156.9,159.9,165.8,168.9,174.9,172.6,169.5,162.7,168.7,162.4,164.2,164.1,163,154.7,164.8,171.8,172.2,171,171,166.5,164.6,173.4,167.4,157.7,161.7,166,176.9,158.4,172.2
Rural+Urban,2022,March,170.9,174.5,170.4,165,164.7,160.1,165.1,160.2,161.9,161.5,166.5,172,173.6,168.1,165.3,180.2,160.1,167.9,174,167.5,159.3,165.4,179.5,172.2,174.2,178.4,166.5,165,174.7,174.5,158.2,159,168.8,178.3,167.3,172.5
Rural,2022,April,172.6,177.5,173.4,164,168.8,162.9,170.8,167.4,167.8,161.9,165,171.1,176.2,170.8,173.9,188.8,160.2,174,182.3,171.8,168.5,166.9,184.9,174.3,181.6,180.8,167.8,166.9,176.4,186.5,169.6,155.8,174.1,180.6,180.4,175.9
Urban,2022,April,175.3,NA,170.8,170.9,165.1,161.9,163.5,160.7,163.2,167.2,170.8,177.8,175,172.6,165.7,171.7,163.1,166.5,165.9,164.9,159.5,165.8,173.4,175,174.4,172.8,168.5,167.4,175.2,171.4,162.7,164.2,171.5,179.5,165.1,174.8
Rural+Urban,2022,April,173.6,177.5,172.9,165,167.4,162,166.3,163.6,165.6,162.9,167.2,174.7,175.8,171.5,168.4,183.4,161.1,169.4,175.3,169.9,164.5,166.5,181.1,174.7,177.7,178.7,168.1,167.1,175.8,178.8,163.1,161.4,173,180.2,172.6,175.1
Rural,2022,May,177.5,180.8,175.5,163.9,169.4,163.9,171.8,169,167.2,162.1,166.5,174.5,178.9,172.5,175.2,189.2,162.5,175.3,183.1,174.5,169.1,168.1,187,177.3,185.1,184.9,168.4,168,178.3,191.5,169.7,158.8,176.5,181.1,187,178.8
Urban,2022,May,178.2,NA,172.6,172,166.1,163.1,164.1,162,164.1,167.8,173.1,180.2,177.8,174.9,166.5,172.3,165.9,168.9,167.5,166.9,159.7,167.1,175.1,177.4,177.1,175.6,169.8,169.5,177.6,172.2,162.4,167.3,171.7,180.8,172.1,177.3
Rural+Urban,2022,May,177.8,180.8,174.9,165.1,168.1,163.1,167.1,165,165.7,163.1,169,177.6,178.5,173.5,169.4,183.9,163.6,171.4,176.5,172.4,164.9,167.7,183.1,177.4,180.7,182.5,168.9,168.6,178,181.7,162.8,164.5,174.5,181,179.4,177.7
Rural,2022,June,178.3,181,178,164.4,171,164.5,173.1,170.2,168.8,162.7,167.2,175.5,180.2,174,176.8,188.8,163,177.3,183.3,175.5,169.1,168.3,188.6,177.9,187.8,188.1,169.6,169.4,179.8,194.6,171.5,159,178.6,183.6,190.1,181.1
Urban,2022,June,179.5,NA,173.1,172.3,167,161.9,164.8,163.1,165.7,169,174.2,180.4,177.5,175.6,167.7,171.8,166.6,168.8,169.2,167.7,160.7,168,175.4,177.9,178.7,177.9,170.8,169,176.6,168.2,162.8,167.9,172.2,181.6,179.9,178.7
Rural+Urban,2022,June,178.7,181,177,165.6,169.5,162,168,166.2,167.3,163.8,169.9,178.1,179.2,174.7,170.7,183.4,164.1,172.1,177.3,173.3,165.3,168.2,184.3,177.9,182.8,185.5,170,169.3,178.3,181.2,163.3,164.9,175.9,182.9,184.9,179.3
Rural,2022,July,176.4,181.6,179.9,166.6,172,165.3,173.5,171.4,171.2,163.3,167.5,173.7,179.7,174.5,176.7,192.4,164.5,182.1,184.6,175.2,170.5,169.9,191,177.4,185.1,190.5,171.6,170.2,181.5,190.2,170.2,160.1,178.3,182.8,192.9,179.6
Urban,2022,July,179.4,NA,174.8,174.3,167.7,163.9,166.4,164.7,167.3,169.2,174.8,179.9,177.3,176.6,168.2,172.1,170.3,171,172.4,167.7,162.1,169.2,176,177.7,180.1,181.6,173,170.2,177.4,168.7,163.8,168.4,172.3,182.6,179.1,178.5
Rural+Urban,2022,July,177.5,181.6,178.8,167.7,170.3,164,169.1,167.6,169.4,164.4,170.3,177,178.9,175.4,171,186,166.3,175.3,179.4,173.1,166.7,169.7,186.1,177.6,182.4,188.2,172.1,170.2,179.6,179.3,164.2,165.6,175.8,182.7,185.8,178.8
Rural,2022,August,175.8,182.6,180.7,169.1,171.8,165.4,173.3,172.5,172.6,164.5,169.4,173.5,179.7,175.6,177.2,193.8,164.5,183.5,184.6,175.8,171.2,171.3,191.5,177.5,185.8,189.6,173.4,171.9,183.3,186.9,171.5,160.4,181.6,183.6,194.2,179.5
Urban,2022,August,179.8,NA,176,176.8,167.8,165.2,167,165.4,168,169.6,176,180.1,177.7,177.2,168.9,172.8,170.4,171.3,172.6,168.8,163,170.1,176.9,178,179.9,182.5,174.3,172.6,179.5,168.6,164,168.7,169.6,183.7,178.4,178.1
Rural+Urban,2022,Auust,177.3,182.6,179.7,170.2,170.3,165.2,169.4,168.5,170.4,165.4,171.9,177,179,176.3,171.7,187.2,166.3,176.1,179.5,173.8,167.5,170.9,186.7,177.8,182.6,187.8,173.7,172.2,181.5,177.6,164.4,165.9,176.6,183.6,186.1,178.5
Rural,2022,September,178.2,182.8,181.1,170.9,173.4,165.8,170.4,172.1,173.3,164.8,171.8,175.1,180.8,176.5,177.8,191.3,164,185.3,185.6,177.5,171.3,172.2,192,180.3,187.5,192.2,174.2,172.3,184.8,189.9,172.5,159.3,180,185,194.1,182.9
Urban,2022,September,181.9,NA,175.1,177.3,169.2,165.1,167,165.5,168.6,170.7,176.8,181,178.5,178,169.4,171.5,170.8,171.6,173.5,170.6,163.5,170.6,177.5,180.8,181.8,183.3,174.8,173.1,181.5,169.2,164.6,170.4,169.5,184.6,173.9,179.4
Rural+Urban,2022,September,179.6,182.8,179.9,171.8,171.8,165.1,168.3,168.4,171.1,165.9,173.7,178.3,180,177.1,172.2,185,166.1,176.9,180.5,175.6,167.8,171.6,187.3,180.6,184.4,189.9,174.4,172.6,183.2,179.4,165,166.7,175.6,184.9,183.8,180.3
Rural,2022,October,180.2,183.4,181.2,173.2,174,166.9,169.6,173.3,175.4,166.8,173.9,176.3,181.6,177.2,178.9,189.5,163.2,186.8,186.6,178.4,172.4,173.4,193.3,182.2,190.7,196.7,175.9,172.6,185.9,193.7,174.5,162.3,180.8,186,186.8,183.7
Urban,2022,October,182.6,NA,176.3,178.8,169.6,165.2,167.6,166.4,170.1,172.9,179.5,182.2,179.7,178.8,171.1,170.4,171.6,172.1,174,171,164.1,171.7,178.5,182.7,182.7,185.8,175.9,175.4,182.6,176.3,165.7,170.8,169.7,186.2,172.9,179.6
Rural+Urban,2022,October,181.1,183.4,180.2,174,172.3,165.3,168.4,169.4,172.9,167.9,176,179.5,180.9,177.9,173.7,183.5,165.8,177.8,181.2,176.3,168.7,172.8,188.5,182.5,186.3,193.9,175.9,173.6,184.3,184.9,166.2,168,176.2,186.1,179.7,180.6
Rural,2022,November,180.4,183.7,181.0,172.8,173.0,166.6,170.8,172.9,175.0,165.6,174.2,176.2,181.8,177.5,179.2,189.1,163.0,188.5,186.1,177.4,172.1,173.8,193.3,183.4,189.0,195.7,176.6,173.0,184.1,196.1,175.6,161.1,179.6,186.7,185.4,184.3
Urban,2022,November,182.8,NA,177.0,178.6,168.8,164.6,168.3,164.6,169.7,172.4,178.3,182.3,180.0,179.3,170.7,170.5,172.0,171.9,174.1,169.4,163.6,171.6,179.0,182.8,183.4,188.4,175.9,176.1,181.1,178.3,164.9,170.0,169.2,186.3,171.5,180.4
Rural+Urban,2022,November,181.3,183.7,180.2,173.6,171.4,164.7,169.3,168.2,172.5,166.8,175.8,179.5,181.2,178.2,173.5,183.2,165.8,178.4,181.0,175.2,168.3,173.0,188.6,183.0,185.9,193.8,176.3,174.2,182.7,187.0,165.5,167.0,175.2,186.6,178.3,181.4
